sample_id,state,measurement_col,phi,matrix_tc,fluid_tc,model,alpha_fit,alpha_source,alpha_fit_mode,uses_alpha,observed_tc,predicted_tc,error,abs_error,abs_pct_error,is_calibration_state
113480,dry,TC air,0.045249,2.98,0.025,MT,0.056663870753093634,per_sample,per_sample,True,2.4728875000000006,2.472887088475538,-4.115244625069181e-07,4.115244625069181e-07,1.6641455080626112e-05,True
113480,oil,TC oil,0.045249,2.98,0.13,MT,0.056663870753093634,per_sample,per_sample,True,2.668884574253278,2.5840471255911974,-0.08483744866208065,0.08483744866208065,3.1787605009413773,False
113480,brine_avg,TC 60,0.045249,2.98,0.6,MT,0.056663870753093634,per_sample,per_sample,True,2.9664375000000005,2.780067947725853,-0.1863695522741473,0.1863695522741473,6.282605053170588,False
113480,dry,TC air,0.045249,2.98,0.025,SCA,0.06386481430694,per_sample,per_sample,True,2.4728875000000006,2.472887580159098,8.015909758185558e-08,8.015909758185558e-08,3.2415181678040576e-06,True
113480,oil,TC oil,0.045249,2.98,0.13,SCA,0.06386481430694,per_sample,per_sample,True,2.668884574253278,2.5835473351321805,-0.08533723912109759,0.08533723912109759,3.1974870679813465,False
113480,brine_avg,TC 60,0.045249,2.98,0.6,SCA,0.06386481430694,per_sample,per_sample,True,2.9664375000000005,2.7796903015170926,-0.18674719848290788,0.18674719848290788,6.295335684062377,False
113480,dry,TC air,0.045249,2.98,0.025,DEM,0.06226592699664115,per_sample,per_sample,True,2.4728875000000006,2.4728876024045534,1.0240455283749839e-07,1.0240455283749839e-07,4.1410922590493244e-06,True
113480,oil,TC oil,0.045249,2.98,0.13,DEM,0.06226592699664115,per_sample,per_sample,True,2.668884574253278,2.587569107233131,-0.08131546702014703,0.08131546702014703,3.0467959463139436,False
113480,brine_avg,TC 60,0.045249,2.98,0.6,DEM,0.06226592699664115,per_sample,per_sample,True,2.9664375000000005,2.7814455171625223,-0.1849919828374782,0.1849919828374782,6.236166541094433,False
113480,dry,TC air,0.045249,2.98,0.025,GSA,0.05666387075309723,per_sample,per_sample,True,2.4728875000000006,2.4728870884755563,-4.115244442992605e-07,4.115244442992605e-07,1.6641454344334726e-05,True
113480,oil,TC oil,0.045249,2.98,0.13,GSA,0.05666387075309723,per_sample,per_sample,True,2.668884574253278,2.584047125591208,-0.08483744866206999,0.08483744866206999,3.178760500940978,False
113480,brine_avg,TC 60,0.045249,2.98,0.6,GSA,0.05666387075309723,per_sample,per_sample,True,2.9664375000000005,2.7800679477258545,-0.18636955227414598,0.18636955227414598,6.282605053170544,False
113480,dry,TC air,0.045249,2.98,0.025,Bruggeman,,,per_sample,False,2.4728875000000006,2.7803314905197474,0.3074439905197468,0.3074439905197468,12.43259107095437,True
113480,oil,TC oil,0.045249,2.98,0.13,Bruggeman,,,per_sample,False,2.668884574253278,2.790963090955654,0.12207851670237613,0.12207851670237613,4.574139993916082,False
113480,brine_avg,TC 60,0.045249,2.98,0.6,Bruggeman,,,per_sample,False,2.9664375000000005,2.83392464506593,-0.1325128549340704,0.1325128549340704,4.467070515865255,False
113532,dry,TC air,0.06473371285951457,2.98,0.025,MT,0.07856792020792523,per_sample,per_sample,True,2.4045750000000004,2.4045759934049147,9.93404914328977e-07,9.93404914328977e-07,4.131311829861729e-05,True
113532,oil,TC oil,0.06473371285951457,2.98,0.13,MT,0.07856792020792523,per_sample,per_sample,True,2.600887636781521,2.5016426646611643,-0.09924497212035677,0.09924497212035677,3.8158115989650314,False
113532,brine_avg,TC 60,0.06473371285951457,2.98,0.6,MT,0.07856792020792523,per_sample,per_sample,True,2.857375,2.7106404814200324,-0.14673451857996778,0.14673451857996778,5.135290907912604,False
113532,dry,TC air,0.06473371285951457,2.98,0.025,SCA,0.08924832160440768,per_sample,per_sample,True,2.4045750000000004,2.4045749961576175,-3.84238285633387e-09,3.84238285633387e-09,1.5979467707739912e-07,True
113532,oil,TC oil,0.06473371285951457,2.98,0.13,SCA,0.08924832160440768,per_sample,per_sample,True,2.600887636781521,2.501075111889517,-0.0998125248920041,0.0998125248920041,3.8376331018866123,False
113532,brine_avg,TC 60,0.06473371285951457,2.98,0.6,SCA,0.08924832160440768,per_sample,per_sample,True,2.857375,2.7100951319967965,-0.1472798680032037,0.1472798680032037,5.154376587014434,False
113532,dry,TC air,0.06473371285951457,2.98,0.025,DEM,0.08765434569785864,per_sample,per_sample,True,2.4045750000000004,2.404573851954286,-1.148045714494117e-06,1.148045714494117e-06,4.7744225673730987e-05,True
113532,oil,TC oil,0.06473371285951457,2.98,0.13,DEM,0.08765434569785864,per_sample,per_sample,True,2.600887636781521,2.505293274656489,-0.09559436212503192,0.09559436212503192,3.6754514410059462,False
113532,brine_avg,TC 60,0.06473371285951457,2.98,0.6,DEM,0.08765434569785864,per_sample,per_sample,True,2.857375,2.7126484017705845,-0.1447265982294157,0.1447265982294157,5.065019405202876,False
113532,dry,TC air,0.06473371285951457,2.98,0.025,GSA,0.07856792020792476,per_sample,per_sample,True,2.4045750000000004,2.404575993404913,9.9340491255262e-07,9.9340491255262e-07,4.1313118224743244e-05,True
113532,oil,TC oil,0.06473371285951457,2.98,0.13,GSA,0.07856792020792476,per_sample,per_sample,True,2.600887636781521,2.5016426646611625,-0.09924497212035854,0.09924497212035854,3.8158115989650994,False
113532,brine_avg,TC 60,0.06473371285951457,2.98,0.6,GSA,0.07856792020792476,per_sample,per_sample,True,2.857375,2.7106404814200316,-0.14673451857996866,0.14673451857996866,5.135290907912634,False
113532,dry,TC air,0.06473371285951457,2.98,0.025,Bruggeman,,,per_sample,False,2.4045750000000004,2.694392824874252,0.2898178248742518,0.2898178248742518,12.052767115779368,True
113532,oil,TC oil,0.06473371285951457,2.98,0.13,Bruggeman,,,per_sample,False,2.600887636781521,2.709746089772996,0.10885845299147512,0.10885845299147512,4.185434674378415,False
113532,brine_avg,TC 60,0.06473371285951457,2.98,0.6,Bruggeman,,,per_sample,False,2.857375,2.771472815071999,-0.08590218492800128,0.08590218492800128,3.0063322079881454,False
113536,dry,TC air,0.1502428813868614,2.98,0.025,MT,0.0797539855544461,per_sample,per_sample,True,1.85855,1.8585498778840086,-1.2211599131894957e-07,1.2211599131894957e-07,6.570498039813272e-06,True
113536,oil,TC oil,0.1502428813868614,2.98,0.13,MT,0.0797539855544461,per_sample,per_sample,True,2.23458197098924,2.0154572300775877,-0.21912474091165235,0.21912474091165235,9.806073071226237,False
113536,brine_avg,TC 60,0.1502428813868614,2.98,0.6,MT,0.0797539855544461,per_sample,per_sample,True,2.63095,2.395911317089907,-0.23503868291009278,0.23503868291009278,8.933605082198172,False
113536,dry,TC air,0.1502428813868614,2.98,0.025,SCA,0.10596228019895967,per_sample,per_sample,True,1.85855,1.858548904481239,-1.0955187608185923e-06,1.0955187608185923e-06,5.8944809707491984e-05,True
113536,oil,TC oil,0.1502428813868614,2.98,0.13,SCA,0.10596228019895967,per_sample,per_sample,True,2.23458197098924,2.0133550012969628,-0.2212269696922773,0.2212269696922773,9.900150120442484,False
113536,brine_avg,TC 60,0.1502428813868614,2.98,0.6,SCA,0.10596228019895967,per_sample,per_sample,True,2.63095,2.393552801443589,-0.23739719855641095,0.23739719855641095,9.023250101917975,False
113536,dry,TC air,0.1502428813868614,2.98,0.025,DEM,0.10171819292026894,per_sample,per_sample,True,1.85855,1.8585511665190964,1.166519096429397e-06,1.166519096429397e-06,6.276501016541911e-05,True
113536,oil,TC oil,0.1502428813868614,2.98,0.13,DEM,0.10171819292026894,per_sample,per_sample,True,2.23458197098924,2.027969758718077,-0.2066122122711631,0.2066122122711631,9.246123657737055,False
113536,brine_avg,TC 60,0.1502428813868614,2.98,0.6,DEM,0.10171819292026894,per_sample,per_sample,True,2.63095,2.403818339859735,-0.2271316601402651,0.2271316601402651,8.633066388196852,False
113536,dry,TC air,0.1502428813868614,2.98,0.025,GSA,0.07975398555444614,per_sample,per_sample,True,1.85855,1.85854987788401,-1.2211598998668194e-07,1.2211598998668194e-07,6.570497968130098e-06,True
113536,oil,TC oil,0.1502428813868614,2.98,0.13,GSA,0.07975398555444614,per_sample,per_sample,True,2.23458197098924,2.015457230077588,-0.2191247409116519,0.2191247409116519,9.806073071226216,False
113536,brine_avg,TC 60,0.1502428813868614,2.98,0.6,GSA,0.07975398555444614,per_sample,per_sample,True,2.63095,2.3959113170899076,-0.23503868291009233,0.23503868291009233,8.933605082198154,False
113536,dry,TC air,0.1502428813868614,2.98,0.025,Bruggeman,,,per_sample,False,1.85855,2.317620944377673,0.45907094437767326,0.45907094437767326,24.700489326500406,True
113536,oil,TC oil,0.1502428813868614,2.98,0.13,Bruggeman,,,per_sample,False,2.23458197098924,2.354963488088436,0.12038151709919598,0.12038151709919598,5.387205242952157,False
113536,brine_avg,TC 60,0.1502428813868614,2.98,0.6,Bruggeman,,,per_sample,False,2.63095,2.5010786849056075,-0.12987131509439243,0.12987131509439243,4.936289746836406,False
113541,dry,TC air,0.1419265364023713,2.98,0.025,MT,0.07351986945104426,per_sample,per_sample,True,1.867175,1.8671749395643586,-6.043564138025204e-08,6.043564138025204e-08,3.2367422111077987e-06,True
113541,oil,TC oil,0.1419265364023713,2.98,0.13,MT,0.07351986945104426,per_sample,per_sample,True,2.2868730488364504,2.0331442053779756,-0.2537288434584748,0.2537288434584748,11.095012186512529,False
113541,brine_avg,TC 60,0.1419265364023713,2.98,0.6,MT,0.07351986945104426,per_sample,per_sample,True,2.7286125,2.4193723788239945,-0.30924012117600563,0.30924012117600563,11.333236990448649,False
113541,dry,TC air,0.1419265364023713,2.98,0.025,SCA,0.0979900822178467,per_sample,per_sample,True,1.867175,1.8671752638865027,2.6388650264941305e-07,2.6388650264941305e-07,1.4132928228442062e-05,True
113541,oil,TC oil,0.1419265364023713,2.98,0.13,SCA,0.0979900822178467,per_sample,per_sample,True,2.2868730488364504,2.0309628736116805,-0.2559101752247699,0.2559101752247699,11.190397095062872,False
113541,brine_avg,TC 60,0.1419265364023713,2.98,0.6,SCA,0.0979900822178467,per_sample,per_sample,True,2.7286125,2.417047048426055,-0.3115654515739452,0.3115654515739452,11.418457240591884,False
113541,dry,TC air,0.1419265364023713,2.98,0.025,DEM,0.09347663387939512,per_sample,per_sample,True,1.867175,1.8671763793446121,1.3793446120846653e-06,1.3793446120846653e-06,7.38733440670888e-05,True
113541,oil,TC oil,0.1419265364023713,2.98,0.13,DEM,0.09347663387939512,per_sample,per_sample,True,2.2868730488364504,2.0463607866067632,-0.24051226222968713,0.24051226222968713,10.517079745727843,False
113541,brine_avg,TC 60,0.1419265364023713,2.98,0.6,DEM,0.09347663387939512,per_sample,per_sample,True,2.7286125,2.427142888767715,-0.3014696112322852,0.3014696112322852,11.048458190097906,False
113541,dry,TC air,0.1419265364023713,2.98,0.025,GSA,0.0735198694510443,per_sample,per_sample,True,1.867175,1.8671749395643586,-6.043564138025204e-08,6.043564138025204e-08,3.2367422111077987e-06,True
113541,oil,TC oil,0.1419265364023713,2.98,0.13,GSA,0.0735198694510443,per_sample,per_sample,True,2.2868730488364504,2.0331442053779756,-0.2537288434584748,0.2537288434584748,11.095012186512529,False
113541,brine_avg,TC 60,0.1419265364023713,2.98,0.6,GSA,0.0735198694510443,per_sample,per_sample,True,2.7286125,2.419372378823994,-0.3092401211760061,0.3092401211760061,11.333236990448665,False
113541,dry,TC air,0.1419265364023713,2.98,0.025,Bruggeman,,,per_sample,False,1.867175,2.35423318914262,0.48705818914262,0.48705818914262,26.085299403784862,True
113541,oil,TC oil,0.1419265364023713,2.98,0.13,Bruggeman,,,per_sample,False,2.2868730488364504,2.3893327162113036,0.10245966737485324,0.10245966737485324,4.4803391000206245,False
113541,brine_avg,TC 60,0.1419265364023713,2.98,0.6,Bruggeman,,,per_sample,False,2.7286125,2.5270889915044688,-0.20152350849553136,0.20152350849553136,7.385567151639573,False
113556,dry,TC air,0.09432965948473461,2.98,0.025,MT,0.06629932890531404,per_sample,per_sample,True,2.1235625000000002,2.1235617866966168,-7.133033834705316e-07,7.133033834705316e-07,3.358994065258411e-05,True
113556,oil,TC oil,0.09432965948473461,2.98,0.13,MT,0.06629932890531404,per_sample,per_sample,True,2.4008624999999997,2.2742469318577796,-0.12661556814222008,0.12661556814222008,5.2737534174581056,False
113556,brine_avg,TC 60,0.09432965948473461,2.98,0.6,MT,0.06629932890531404,per_sample,per_sample,True,2.8231,2.588159504375363,-0.23494049562463726,0.23494049562463726,8.32207486892555,False
113556,dry,TC air,0.09432965948473461,2.98,0.025,SCA,0.08194994598822634,per_sample,per_sample,True,2.1235625000000002,2.12356294915793,4.491579299603643e-07,4.491579299603643e-07,2.1151151895004937e-05,True
113556,oil,TC oil,0.09432965948473461,2.98,0.13,SCA,0.08194994598822634,per_sample,per_sample,True,2.4008624999999997,2.2728777830931155,-0.12798471690688418,0.12798471690688418,5.330780788440995,False
113556,brine_avg,TC 60,0.09432965948473461,2.98,0.6,SCA,0.08194994598822634,per_sample,per_sample,True,2.8231,2.58689032366358,-0.23620967633642032,0.23620967633642032,8.367031856343038,False
113556,dry,TC air,0.09432965948473461,2.98,0.025,DEM,0.07880523792722025,per_sample,per_sample,True,2.1235625000000002,2.123562467365828,-3.263417225340959e-08,3.263417225340959e-08,1.536765329648154e-06,True
113556,oil,TC oil,0.09432965948473461,2.98,0.13,DEM,0.07880523792722025,per_sample,per_sample,True,2.4008624999999997,2.2830692513055513,-0.1177932486944484,0.1177932486944484,4.906288831386571,False
113556,brine_avg,TC 60,0.09432965948473461,2.98,0.6,DEM,0.07880523792722025,per_sample,per_sample,True,2.8231,2.5925773091515767,-0.23052269084842347,0.23052269084842347,8.16558715059415,False
113556,dry,TC air,0.09432965948473461,2.98,0.025,GSA,0.06629932890531408,per_sample,per_sample,True,2.1235625000000002,2.123561786696617,-7.133033830264424e-07,7.133033830264424e-07,3.3589940631671654e-05,True
113556,oil,TC oil,0.09432965948473461,2.98,0.13,GSA,0.06629932890531408,per_sample,per_sample,True,2.4008624999999997,2.2742469318577796,-0.12661556814222008,0.12661556814222008,5.2737534174581056,False
113556,brine_avg,TC 60,0.09432965948473461,2.98,0.6,GSA,0.06629932890531408,per_sample,per_sample,True,2.8231,2.588159504375363,-0.23494049562463726,0.23494049562463726,8.32207486892555,False
113556,dry,TC air,0.09432965948473461,2.98,0.025,Bruggeman,,,per_sample,False,2.1235625000000002,2.563912362046402,0.4403498620464017,0.4403498620464017,20.736373996357614,True
113556,oil,TC oil,0.09432965948473461,2.98,0.13,Bruggeman,,,per_sample,False,2.4008624999999997,2.586625906351364,0.18576340635136424,0.18576340635136424,7.737361317083518,False
113556,brine_avg,TC 60,0.09432965948473461,2.98,0.6,Bruggeman,,,per_sample,False,2.8231,2.67717696189804,-0.14592303810196006,0.14592303810196006,5.168893702028268,False
113566,dry,TC air,0.09294072678275303,2.98,0.025,MT,0.08850032022699107,per_sample,per_sample,True,2.244775,2.2447759934946494,9.934946492151653e-07,9.934946492151653e-07,4.425809487432661e-05,True
113566,oil,TC oil,0.09294072678275303,2.98,0.13,MT,0.08850032022699107,per_sample,per_sample,True,2.456699651526272,2.3528023245421466,-0.10389732698412546,0.10389732698412546,4.229142415499479,False
113566,brine_avg,TC 60,0.09294072678275303,2.98,0.6,MT,0.08850032022699107,per_sample,per_sample,True,2.7460125,2.6078504742006436,-0.13816202579935632,0.13816202579935632,5.031369150699653,False
113566,dry,TC air,0.09294072678275303,2.98,0.025,SCA,0.104258165778541,per_sample,per_sample,True,2.244775,2.244776105805281,1.1058052806767193e-06,1.1058052806767193e-06,4.926129704209639e-05,True
113566,oil,TC oil,0.09294072678275303,2.98,0.13,SCA,0.104258165778541,per_sample,per_sample,True,2.456699651526272,2.3519465732613103,-0.10475307826496172,0.10475307826496172,4.2639757855577445,False
113566,brine_avg,TC 60,0.09294072678275303,2.98,0.6,SCA,0.104258165778541,per_sample,per_sample,True,2.7460125,2.6069260020567797,-0.13908649794322026,0.13908649794322026,5.065035135245024,False
113566,dry,TC air,0.09294072678275303,2.98,0.025,DEM,0.10238012913453907,per_sample,per_sample,True,2.244775,2.2447757256687697,7.256687695189612e-07,7.256687695189612e-07,3.2327015826484224e-05,True
113566,oil,TC oil,0.09294072678275303,2.98,0.13,DEM,0.10238012913453907,per_sample,per_sample,True,2.456699651526272,2.3580620772091687,-0.0986375743171033,0.0986375743171033,4.015044096083247,False
113566,brine_avg,TC 60,0.09294072678275303,2.98,0.6,DEM,0.10238012913453907,per_sample,per_sample,True,2.7460125,2.61119422980406,-0.13481827019593995,0.13481827019593995,4.9096014747179755,False
113566,dry,TC air,0.09294072678275303,2.98,0.025,GSA,0.08850032022699111,per_sample,per_sample,True,2.244775,2.24477599349465,9.934946496592545e-07,9.934946496592545e-07,4.425809489410985e-05,True
113566,oil,TC oil,0.09294072678275303,2.98,0.13,GSA,0.08850032022699111,per_sample,per_sample,True,2.456699651526272,2.3528023245421474,-0.10389732698412457,0.10389732698412457,4.229142415499442,False
113566,brine_avg,TC 60,0.09294072678275303,2.98,0.6,GSA,0.08850032022699111,per_sample,per_sample,True,2.7460125,2.6078504742006436,-0.13816202579935632,0.13816202579935632,5.031369150699653,False
113566,dry,TC air,0.09294072678275303,2.98,0.025,Bruggeman,,,per_sample,False,2.244775,2.5700341990877544,0.32525919908775425,0.32525919908775425,14.489612504048477,True
113566,oil,TC oil,0.09294072678275303,2.98,0.13,Bruggeman,,,per_sample,False,2.456699651526272,2.592396890285476,0.13569723875920392,0.13569723875920392,5.5235583509322925,False
113566,brine_avg,TC 60,0.09294072678275303,2.98,0.6,Bruggeman,,,per_sample,False,2.7460125,2.6815863564826827,-0.06442614351731724,0.06442614351731724,2.346170802839289,False
113572,dry,TC air,0.0882413294197936,2.98,0.025,MT,0.08631474500851172,per_sample,per_sample,True,2.26715,2.2671489394589335,-1.0605410665220916e-06,1.0605410665220916e-06,4.6778601615336066e-05,True
113572,oil,TC oil,0.0882413294197936,2.98,0.13,MT,0.08631474500851172,per_sample,per_sample,True,2.52625,2.374636054867157,-0.15161394513284332,0.15161394513284332,6.001541618321358,False
113572,brine_avg,TC 60,0.0882413294197936,2.98,0.6,MT,0.08631474500851172,per_sample,per_sample,True,2.843925,2.624181977196892,-0.2197430228031081,0.2197430228031081,7.726751683082645,False
113572,dry,TC air,0.0882413294197936,2.98,0.025,SCA,0.10120128913354594,per_sample,per_sample,True,2.26715,2.2671498925310747,-1.0746892531443564e-07,1.0746892531443564e-07,4.740265324942577e-06,True
113572,oil,TC oil,0.0882413294197936,2.98,0.13,SCA,0.10120128913354594,per_sample,per_sample,True,2.52625,2.373817420558539,-0.15243257944146116,0.15243257944146116,6.033946736920778,False
113572,brine_avg,TC 60,0.0882413294197936,2.98,0.6,SCA,0.10120128913354594,per_sample,per_sample,True,2.843925,2.6233157270473955,-0.22060927295260457,0.22060927295260457,7.757211352360017,False
113572,dry,TC air,0.0882413294197936,2.98,0.025,DEM,0.09932093866208483,per_sample,per_sample,True,2.26715,2.2671488304103455,-1.1695896544594575e-06,1.1695896544594575e-06,5.158854308093675e-05,True
113572,oil,TC oil,0.0882413294197936,2.98,0.13,DEM,0.09932093866208483,per_sample,per_sample,True,2.52625,2.379712505808943,-0.14653749419105733,0.14653749419105733,5.80059353551934,False
113572,brine_avg,TC 60,0.0882413294197936,2.98,0.6,DEM,0.09932093866208483,per_sample,per_sample,True,2.843925,2.62732209512461,-0.21660290487539013,0.21660290487539013,7.616336748521501,False
113572,dry,TC air,0.0882413294197936,2.98,0.025,GSA,0.08631474500851172,per_sample,per_sample,True,2.26715,2.2671489394589335,-1.0605410665220916e-06,1.0605410665220916e-06,4.6778601615336066e-05,True
113572,oil,TC oil,0.0882413294197936,2.98,0.13,GSA,0.08631474500851172,per_sample,per_sample,True,2.52625,2.3746360548671563,-0.15161394513284376,0.15161394513284376,6.001541618321376,False
113572,brine_avg,TC 60,0.0882413294197936,2.98,0.6,GSA,0.08631474500851172,per_sample,per_sample,True,2.843925,2.6241819771968915,-0.21974302280310853,0.21974302280310853,7.72675168308266,False
113572,dry,TC air,0.0882413294197936,2.98,0.025,Bruggeman,,,per_sample,False,2.26715,2.59074839211692,0.3235983921169199,0.3235983921169199,14.273356068937648,True
113572,oil,TC oil,0.0882413294197936,2.98,0.13,Bruggeman,,,per_sample,False,2.52625,2.611928091879706,0.08567809187970576,0.08567809187970576,3.391512790883949,False
113572,brine_avg,TC 60,0.0882413294197936,2.98,0.6,Bruggeman,,,per_sample,False,2.843925,2.6965172227435437,-0.14740777725645637,0.14740777725645637,5.183251219932184,False
113577,dry,TC air,0.07476560681237662,2.98,0.025,MT,0.07158969389104348,per_sample,per_sample,True,2.29725,2.297250898420821,8.984208208495659e-07,8.984208208495659e-07,3.91085350244669e-05,True
113577,oil,TC oil,0.07476560681237662,2.98,0.13,MT,0.07158969389104348,per_sample,per_sample,True,2.5712816742530693,2.4170017197274785,-0.15427995452559085,0.15427995452559085,6.000118776189994,False
113577,brine_avg,TC 60,0.07476560681237662,2.98,0.6,MT,0.07158969389104348,per_sample,per_sample,True,2.9365625,2.667482792156435,-0.26907970784356516,0.26907970784356516,9.1630846557349,False
113577,dry,TC air,0.07476560681237662,2.98,0.025,SCA,0.08391230507626074,per_sample,per_sample,True,2.29725,2.2972504419151525,4.419151524714948e-07,4.419151524714948e-07,1.9236702686755676e-05,True
113577,oil,TC oil,0.07476560681237662,2.98,0.13,SCA,0.08391230507626074,per_sample,per_sample,True,2.5712816742530693,2.416163093155913,-0.15511858109715648,0.15511858109715648,6.032733894944311,False
113577,brine_avg,TC 60,0.07476560681237662,2.98,0.6,SCA,0.08391230507626074,per_sample,per_sample,True,2.9365625,2.6667036849810017,-0.2698588150189982,0.2698588150189982,9.189615920621415,False
113577,dry,TC air,0.07476560681237662,2.98,0.025,DEM,0.08173751306783354,per_sample,per_sample,True,2.29725,2.297250421175049,4.2117504905903047e-07,4.2117504905903047e-07,1.833387959773775e-05,True
113577,oil,TC oil,0.07476560681237662,2.98,0.13,DEM,0.08173751306783354,per_sample,per_sample,True,2.5712816742530693,2.4224411644469,-0.14884050980616914,0.14884050980616914,5.788572729955996,False
113577,brine_avg,TC 60,0.07476560681237662,2.98,0.6,DEM,0.08173751306783354,per_sample,per_sample,True,2.9365625,2.6702872022980126,-0.2662752977019873,0.2662752977019873,9.067584895672656,False
113577,dry,TC air,0.07476560681237662,2.98,0.025,GSA,0.07158969389104344,per_sample,per_sample,True,2.29725,2.297250898420821,8.984208208495659e-07,8.984208208495659e-07,3.91085350244669e-05,True
113577,oil,TC oil,0.07476560681237662,2.98,0.13,GSA,0.07158969389104344,per_sample,per_sample,True,2.5712816742530693,2.417001719727478,-0.1542799545255913,0.1542799545255913,6.0001187761900105,False
113577,brine_avg,TC 60,0.07476560681237662,2.98,0.6,GSA,0.07158969389104344,per_sample,per_sample,True,2.9365625,2.667482792156435,-0.26907970784356516,0.26907970784356516,9.1630846557349,False
113577,dry,TC air,0.07476560681237662,2.98,0.025,Bruggeman,,,per_sample,False,2.29725,2.6501572176846175,0.3529072176846175,0.3529072176846175,15.362159873092503,True
113577,oil,TC oil,0.07476560681237662,2.98,0.13,Bruggeman,,,per_sample,False,2.5712816742530693,2.66797880698259,0.09669713272952052,0.09669713272952052,3.7606588845467517,False
113577,brine_avg,TC 60,0.07476560681237662,2.98,0.6,Bruggeman,,,per_sample,False,2.9365625,2.7394318275688883,-0.1971306724311117,0.1971306724311117,6.712973840369879,False
113603,dry,TC air,0.06812695477572067,2.98,0.025,MT,0.07041253950609525,per_sample,per_sample,True,2.3427999999999995,2.3428012251469523,1.2251469527768677e-06,1.2251469527768677e-06,5.2294133207139666e-05,True
113603,oil,TC oil,0.06812695477572067,2.98,0.13,MT,0.07041253950609525,per_sample,per_sample,True,2.7211499999999997,2.457505766563491,-0.26364423343650856,0.26364423343650856,9.688706371810028,False
113603,brine_avg,TC 60,0.06812695477572067,2.98,0.6,MT,0.07041253950609525,per_sample,per_sample,True,2.9926125000000003,2.693044079871049,-0.29956842012895146,0.29956842012895146,10.010264280088098,False
113603,dry,TC air,0.06812695477572067,2.98,0.025,SCA,0.0815806151419842,per_sample,per_sample,True,2.3427999999999995,2.342800585835118,5.858351186383004e-07,5.858351186383004e-07,2.5005767399620136e-05,True
113603,oil,TC oil,0.06812695477572067,2.98,0.13,SCA,0.0815806151419842,per_sample,per_sample,True,2.7211499999999997,2.456769820928646,-0.2643801790713538,0.2643801790713538,9.715751761988638,False
113603,brine_avg,TC 60,0.06812695477572067,2.98,0.6,SCA,0.0815806151419842,per_sample,per_sample,True,2.9926125000000003,2.692376080977688,-0.30023641902231235,0.30023641902231235,10.032585876798695,False
113603,dry,TC air,0.06812695477572067,2.98,0.025,DEM,0.07958107452882497,per_sample,per_sample,True,2.3427999999999995,2.3428002531800147,2.531800151750474e-07,2.531800151750474e-07,1.0806727641072539e-05,True
113603,oil,TC oil,0.06812695477572067,2.98,0.13,DEM,0.07958107452882497,per_sample,per_sample,True,2.7211499999999997,2.462326953088859,-0.2588230469111408,0.2588230469111408,9.511531775578002,False
113603,brine_avg,TC 60,0.06812695477572067,2.98,0.6,DEM,0.07958107452882497,per_sample,per_sample,True,2.9926125000000003,2.695463660777958,-0.2971488392220425,0.2971488392220425,9.929412485647322,False
113603,dry,TC air,0.06812695477572067,2.98,0.025,GSA,0.0704125395060954,per_sample,per_sample,True,2.3427999999999995,2.342801225146953,1.2251469536650461e-06,1.2251469536650461e-06,5.229413324505063e-05,True
113603,oil,TC oil,0.06812695477572067,2.98,0.13,GSA,0.0704125395060954,per_sample,per_sample,True,2.7211499999999997,2.457505766563491,-0.26364423343650856,0.26364423343650856,9.688706371810028,False
113603,brine_avg,TC 60,0.06812695477572067,2.98,0.6,GSA,0.0704125395060954,per_sample,per_sample,True,2.9926125000000003,2.693044079871049,-0.29956842012895146,0.29956842012895146,10.010264280088098,False
113603,dry,TC air,0.06812695477572067,2.98,0.025,Bruggeman,,,per_sample,False,2.3427999999999995,2.679429486166996,0.3366294861669963,0.3366294861669963,14.368682182303072,True
113603,oil,TC oil,0.06812695477572067,2.98,0.13,Bruggeman,,,per_sample,False,2.7211499999999997,2.695614718390474,-0.025535281609525562,0.025535281609525562,0.9384003678417421,False
113603,brine_avg,TC 60,0.06812695477572067,2.98,0.6,Bruggeman,,,per_sample,False,2.9926125000000003,2.760626326100678,-0.23198617389932252,0.23198617389932252,7.751961668920466,False
113619,dry,TC air,0.08326069547301873,2.98,0.025,MT,0.07519234831981385,per_sample,per_sample,True,2.252275,2.2522751855360834,1.8553608338578442e-07,1.8553608338578442e-07,8.237718901367924e-06,True
113619,oil,TC oil,0.08326069547301873,2.98,0.13,MT,0.07519234831981385,per_sample,per_sample,True,2.5288521096787857,2.3736120975787536,-0.15524001210003213,0.15524001210003213,6.138754081580148,False
113619,brine_avg,TC 60,0.08326069547301873,2.98,0.6,MT,0.07519234831981385,per_sample,per_sample,True,2.82315,2.636597022685496,-0.18655297731450426,0.18655297731450426,6.607972559534714,False
113619,dry,TC air,0.08326069547301873,2.98,0.025,SCA,0.08904041555673727,per_sample,per_sample,True,2.252275,2.2522749694702924,-3.0529707650828186e-08,3.0529707650828186e-08,1.3555053290929476e-06,True
113619,oil,TC oil,0.08326069547301873,2.98,0.13,SCA,0.08904041555673727,per_sample,per_sample,True,2.5288521096787857,2.3726832235239392,-0.15616888615484648,0.15616888615484648,6.175485136403766,False
113619,brine_avg,TC 60,0.08326069547301873,2.98,0.6,SCA,0.08904041555673727,per_sample,per_sample,True,2.82315,2.6356949127206946,-0.1874550872793055,0.1874550872793055,6.639926581276429,False
113619,dry,TC air,0.08326069547301873,2.98,0.025,DEM,0.08674857793758643,per_sample,per_sample,True,2.252275,2.252275230366698,2.30366698161788e-07,2.30366698161788e-07,1.0228178093784641e-05,True
113619,oil,TC oil,0.08326069547301873,2.98,0.13,DEM,0.08674857793758643,per_sample,per_sample,True,2.5288521096787857,2.3795337880652796,-0.1493183216135061,0.1493183216135061,5.904588925624144,False
113619,brine_avg,TC 60,0.08326069547301873,2.98,0.6,DEM,0.08674857793758643,per_sample,per_sample,True,2.82315,2.63983019901104,-0.18331980098896006,0.18331980098896006,6.493448842213841,False
113619,dry,TC air,0.08326069547301873,2.98,0.025,GSA,0.07519234831981382,per_sample,per_sample,True,2.252275,2.252275185536083,1.855360829416952e-07,1.855360829416952e-07,8.237718881650564e-06,True
113619,oil,TC oil,0.08326069547301873,2.98,0.13,GSA,0.07519234831981382,per_sample,per_sample,True,2.5288521096787857,2.3736120975787536,-0.15524001210003213,0.15524001210003213,6.138754081580148,False
113619,brine_avg,TC 60,0.08326069547301873,2.98,0.6,GSA,0.07519234831981382,per_sample,per_sample,True,2.82315,2.636597022685496,-0.18655297731450426,0.18655297731450426,6.607972559534714,False
113619,dry,TC air,0.08326069547301873,2.98,0.025,Bruggeman,,,per_sample,False,2.252275,2.6127042259941877,0.3604292259941877,0.3604292259941877,16.002896004892282,True
113619,oil,TC oil,0.08326069547301873,2.98,0.13,Bruggeman,,,per_sample,False,2.5288521096787857,2.6326369462212753,0.1037848365424896,0.1037848365424896,4.10402949801886,False
113619,brine_avg,TC 60,0.08326069547301873,2.98,0.6,Bruggeman,,,per_sample,False,2.82315,2.7123614108976595,-0.11078858910234057,0.11078858910234057,3.9242898571574507,False
113622,dry,TC air,0.08011973979984602,2.98,0.025,MT,0.08455504237799435,per_sample,per_sample,True,2.31575,2.315749566944351,-4.3305564911833017e-07,4.3305564911833017e-07,1.8700449060491426e-05,True
113622,oil,TC oil,0.08011973979984602,2.98,0.13,MT,0.08455504237799435,per_sample,per_sample,True,2.6211870716673373,2.418983661646426,-0.20220341002091136,0.20220341002091136,7.714192253065316,False
113622,brine_avg,TC 60,0.08011973979984602,2.98,0.6,MT,0.08455504237799435,per_sample,per_sample,True,2.92005,2.653983235468627,-0.2660667645313728,0.2660667645313728,9.111719475056002,False
113622,dry,TC air,0.08011973979984602,2.98,0.025,SCA,0.09798044540129841,per_sample,per_sample,True,2.31575,2.315749922126436,-7.78735640416528e-08,7.78735640416528e-08,3.362779403720298e-06,True
113622,oil,TC oil,0.08011973979984602,2.98,0.13,SCA,0.09798044540129841,per_sample,per_sample,True,2.6211870716673373,2.418261850987593,-0.20292522067974428,0.20292522067974428,7.741729801477448,False
113622,brine_avg,TC 60,0.08011973979984602,2.98,0.6,SCA,0.09798044540129841,per_sample,per_sample,True,2.92005,2.6532386173308775,-0.2668113826691223,0.2668113826691223,9.137219659564813,False
113622,dry,TC air,0.08011973979984602,2.98,0.025,DEM,0.09622025905882023,per_sample,per_sample,True,2.31575,2.315750531449628,5.314496278607805e-07,5.314496278607805e-07,2.294935238522209e-05,True
113622,oil,TC oil,0.08011973979984602,2.98,0.13,DEM,0.09622025905882023,per_sample,per_sample,True,2.6211870716673373,2.423506524679721,-0.19768054698761617,0.19768054698761617,7.541642072187986,False
113622,brine_avg,TC 60,0.08011973979984602,2.98,0.6,DEM,0.09622025905882023,per_sample,per_sample,True,2.92005,2.656700247669786,-0.26334975233021396,0.26334975233021396,9.018672705269223,False
113622,dry,TC air,0.08011973979984602,2.98,0.025,GSA,0.08455504237799444,per_sample,per_sample,True,2.31575,2.3157495669443504,-4.330556495624194e-07,4.330556495624194e-07,1.870044907966833e-05,True
113622,oil,TC oil,0.08011973979984602,2.98,0.13,GSA,0.08455504237799444,per_sample,per_sample,True,2.6211870716673373,2.4189836616464255,-0.2022034100209118,0.2022034100209118,7.714192253065333,False
113622,brine_avg,TC 60,0.08011973979984602,2.98,0.6,GSA,0.08455504237799444,per_sample,per_sample,True,2.92005,2.6539832354686266,-0.26606676453137323,0.26606676453137323,9.111719475056018,False
113622,dry,TC air,0.08011973979984602,2.98,0.025,Bruggeman,,,per_sample,False,2.31575,2.626551348055255,0.31080134805525494,0.31080134805525494,13.421196072773615,True
113622,oil,TC oil,0.08011973979984602,2.98,0.13,Bruggeman,,,per_sample,False,2.6211870716673373,2.645701216978256,0.024514145310918778,0.024514145310918778,0.9352306661319418,False
113622,brine_avg,TC 60,0.08011973979984602,2.98,0.6,Bruggeman,,,per_sample,False,2.92005,2.722363633273887,-0.19768636672611262,0.19768636672611262,6.769965128203717,False
113704,dry,TC air,0.1753453832771655,2.98,0.025,MT,0.07649527914094632,per_sample,per_sample,True,1.7076124999999998,1.7076126068529842,1.0685298446055924e-07,1.0685298446055924e-07,6.257449184786318e-06,True
113704,oil,TC oil,0.1753453832771655,2.98,0.13,MT,0.07649527914094632,per_sample,per_sample,True,2.05415,1.8810655432742844,-0.17308445672571549,0.17308445672571549,8.426086543130516,False
113704,brine_avg,TC 60,0.1753453832771655,2.98,0.6,MT,0.07649527914094632,per_sample,per_sample,True,2.5313125,2.307683886033406,-0.22362861396659373,0.22362861396659373,8.834492539605195,False
113704,dry,TC air,0.1753453832771655,2.98,0.025,SCA,0.10750258728447158,per_sample,per_sample,True,1.7076124999999998,1.7076120249797133,-4.750202864389763e-07,4.750202864389763e-07,2.7817803303675533e-05,True
113704,oil,TC oil,0.1753453832771655,2.98,0.13,SCA,0.10750258728447158,per_sample,per_sample,True,2.05415,1.8783113511026868,-0.17583864889731315,0.17583864889731315,8.560165951722764,False
113704,brine_avg,TC 60,0.1753453832771655,2.98,0.6,SCA,0.10750258728447158,per_sample,per_sample,True,2.5313125,2.3045314952443317,-0.2267810047556682,0.2267810047556682,8.95902836001751,False
113704,dry,TC air,0.1753453832771655,2.98,0.025,DEM,0.10194808887571095,per_sample,per_sample,True,1.7076124999999998,1.7076130881198754,5.881198756885198e-07,5.881198756885198e-07,3.444106175660578e-05,True
113704,oil,TC oil,0.1753453832771655,2.98,0.13,DEM,0.10194808887571095,per_sample,per_sample,True,2.05415,1.8972139475094791,-0.15693605249052078,0.15693605249052078,7.6399509524874425,False
113704,brine_avg,TC 60,0.1753453832771655,2.98,0.6,DEM,0.10194808887571095,per_sample,per_sample,True,2.5313125,2.317912205802597,-0.21340029419740292,0.21340029419740292,8.430420748027077,False
113704,dry,TC air,0.1753453832771655,2.98,0.025,GSA,0.07649527914094617,per_sample,per_sample,True,1.7076124999999998,1.7076126068529833,1.0685298357238082e-07,1.0685298357238082e-07,6.25744913277344e-06,True
113704,oil,TC oil,0.1753453832771655,2.98,0.13,GSA,0.07649527914094617,per_sample,per_sample,True,2.05415,1.8810655432742838,-0.17308445672571615,0.17308445672571615,8.426086543130548,False
113704,brine_avg,TC 60,0.1753453832771655,2.98,0.6,GSA,0.07649527914094617,per_sample,per_sample,True,2.5313125,2.3076838860334057,-0.22362861396659417,0.22362861396659417,8.834492539605213,False
113704,dry,TC air,0.1753453832771655,2.98,0.025,Bruggeman,,,per_sample,False,1.7076124999999998,2.207158491727935,0.49954599172793523,0.49954599172793523,29.254060375403395,True
113704,oil,TC oil,0.1753453832771655,2.98,0.13,Bruggeman,,,per_sample,False,2.05415,2.2514325966338555,0.1972825966338556,0.1972825966338556,9.60409885518855,False
113704,brine_avg,TC 60,0.1753453832771655,2.98,0.6,Bruggeman,,,per_sample,False,2.5313125,2.4229835766875847,-0.10832892331241517,0.10832892331241517,4.27955549986085,False
113724,dry,TC air,0.07992399227956115,2.98,0.025,MT,0.0874603681122501,per_sample,per_sample,True,2.3283000000000005,2.3282996873456616,-3.1265433886318306e-07,3.1265433886318306e-07,1.3428438726245887e-05,True
113724,oil,TC oil,0.07992399227956115,2.98,0.13,MT,0.0874603681122501,per_sample,per_sample,True,2.4123875,2.4273556603057114,0.014968160305711464,0.014968160305711464,0.6204708118290061,False
113724,brine_avg,TC 60,0.07992399227956115,2.98,0.6,MT,0.0874603681122501,per_sample,per_sample,True,2.8098625000000004,2.6562668304058765,-0.15359566959412385,0.15359566959412385,5.466305543211592,False
113724,dry,TC air,0.07992399227956115,2.98,0.025,SCA,0.1008888880525941,per_sample,per_sample,True,2.3283000000000005,2.3282998791809932,-1.2081900724325578e-07,1.2081900724325578e-07,5.189151193714546e-06,True
113724,oil,TC oil,0.07992399227956115,2.98,0.13,SCA,0.1008888880525941,per_sample,per_sample,True,2.4123875,2.426676058565122,0.014288558565122234,0.014288558565122234,0.5922994778045498,False
113724,brine_avg,TC 60,0.07992399227956115,2.98,0.6,SCA,0.1008888880525941,per_sample,per_sample,True,2.8098625000000004,2.655552669872546,-0.15430983012745436,0.15430983012745436,5.491721752486264,False
113724,dry,TC air,0.07992399227956115,2.98,0.025,DEM,0.09926851896131172,per_sample,per_sample,True,2.3283000000000005,2.328298811204999,-1.1887950015498916e-06,1.1887950015498916e-06,5.1058497682854067e-05,True
113724,oil,TC oil,0.07992399227956115,2.98,0.13,DEM,0.09926851896131172,per_sample,per_sample,True,2.4123875,2.431587776205138,0.01920027620513798,0.01920027620513798,0.7959034858677546,False
113724,brine_avg,TC 60,0.07992399227956115,2.98,0.6,DEM,0.09926851896131172,per_sample,per_sample,True,2.8098625000000004,2.6588834852769114,-0.15097901472308894,0.15097901472308894,5.373181596006528,False
113724,dry,TC air,0.07992399227956115,2.98,0.025,GSA,0.08746036811225018,per_sample,per_sample,True,2.3283000000000005,2.328299687345662,-3.1265433841909385e-07,3.1265433841909385e-07,1.3428438707172348e-05,True
113724,oil,TC oil,0.07992399227956115,2.98,0.13,GSA,0.08746036811225018,per_sample,per_sample,True,2.4123875,2.427355660305712,0.014968160305711908,0.014968160305711908,0.6204708118290245,False
113724,brine_avg,TC 60,0.07992399227956115,2.98,0.6,GSA,0.08746036811225018,per_sample,per_sample,True,2.8098625000000004,2.6562668304058765,-0.15359566959412385,0.15359566959412385,5.466305543211592,False
113724,dry,TC air,0.07992399227956115,2.98,0.025,Bruggeman,,,per_sample,False,2.3283000000000005,2.6274143407304003,0.2991143407303998,0.2991143407303998,12.846898626912326,True
113724,oil,TC oil,0.07992399227956115,2.98,0.13,Bruggeman,,,per_sample,False,2.4123875,2.646515511027802,0.2341280110278019,0.2341280110278019,9.705240597864229,False
113724,brine_avg,TC 60,0.07992399227956115,2.98,0.6,Bruggeman,,,per_sample,False,2.8098625000000004,2.722987244653933,-0.08687525534606744,0.08687525534606744,3.091797386742854,False
113726,dry,TC air,0.09789559467455616,2.98,0.025,MT,0.14078964153432325,per_sample,per_sample,True,2.3587375,2.3587372045369372,-2.954630629048438e-07,2.954630629048438e-07,1.2526322361214157e-05,True
113726,oil,TC oil,0.09789559467455616,2.98,0.13,MT,0.14078964153432325,per_sample,per_sample,True,2.497631302525579,2.4248075772077113,-0.07282372531786763,0.07282372531786763,2.915711588184734,False
113726,brine_avg,TC 60,0.09789559467455616,2.98,0.6,MT,0.14078964153432325,per_sample,per_sample,True,2.7946125000000004,2.614735237612512,-0.17987726238748847,0.17987726238748847,6.436572597721095,False
113726,dry,TC air,0.09789559467455616,2.98,0.025,SCA,0.1581347616327104,per_sample,per_sample,True,2.3587375,2.3587370529777356,-4.4702226453807725e-07,4.4702226453807725e-07,1.8951759767166853e-05,True
113726,oil,TC oil,0.09789559467455616,2.98,0.13,SCA,0.1581347616327104,per_sample,per_sample,True,2.497631302525579,2.4244150987027187,-0.07321620382286032,0.07321620382286032,2.931425617096681,False
113726,brine_avg,TC 60,0.09789559467455616,2.98,0.6,SCA,0.1581347616327104,per_sample,per_sample,True,2.7946125000000004,2.6141921642951296,-0.18042033570487082,0.18042033570487082,6.4560054642592055,False
113726,dry,TC air,0.09789559467455616,2.98,0.025,DEM,0.1596104348916299,per_sample,per_sample,True,2.3587375,2.3587381593229897,6.593229895379693e-07,6.593229895379693e-07,2.7952368143465276e-05,True
113726,oil,TC oil,0.09789559467455616,2.98,0.13,DEM,0.1596104348916299,per_sample,per_sample,True,2.497631302525579,2.4270559311858375,-0.07057537133974146,0.07057537133974146,2.825692137521514,False
113726,brine_avg,TC 60,0.09789559467455616,2.98,0.6,DEM,0.1596104348916299,per_sample,per_sample,True,2.7946125000000004,2.616808592961461,-0.17780390703853932,0.17780390703853932,6.362381440666256,False
113726,dry,TC air,0.09789559467455616,2.98,0.025,GSA,0.14078964153432302,per_sample,per_sample,True,2.3587375,2.3587372045369364,-2.9546306379302223e-07,2.9546306379302223e-07,1.252632239886898e-05,True
113726,oil,TC oil,0.09789559467455616,2.98,0.13,GSA,0.14078964153432302,per_sample,per_sample,True,2.497631302525579,2.4248075772077105,-0.07282372531786852,0.07282372531786852,2.91571158818477,False
113726,brine_avg,TC 60,0.09789559467455616,2.98,0.6,GSA,0.14078964153432302,per_sample,per_sample,True,2.7946125000000004,2.614735237612512,-0.17987726238748847,0.17987726238748847,6.436572597721095,False
113726,dry,TC air,0.09789559467455616,2.98,0.025,Bruggeman,,,per_sample,False,2.3587375,2.548195961611665,0.18945846161166502,0.18945846161166502,8.032197801224807,True
113726,oil,TC oil,0.09789559467455616,2.98,0.13,Bruggeman,,,per_sample,False,2.497631302525579,2.571812854971821,0.07418155244624192,0.07418155244624192,2.970076182630731,False
113726,brine_avg,TC 60,0.09789559467455616,2.98,0.6,Bruggeman,,,per_sample,False,2.7946125000000004,2.6658637047822324,-0.12874879521776794,0.12874879521776794,4.607035688052205,False
113728,dry,TC air,0.2358372317110681,2.98,0.025,MT,0.07662583094446299,per_sample,per_sample,True,1.4346,1.4345989593490354,-1.0406509647342688e-06,1.0406509647342688e-06,7.253945104797634e-05,True
113728,oil,TC oil,0.2358372317110681,2.98,0.13,MT,0.07662583094446299,per_sample,per_sample,True,1.7373784115253965,1.6220175739278473,-0.11536083759754923,0.11536083759754923,6.639937323513986,False
113728,brine_avg,TC 60,0.2358372317110681,2.98,0.6,MT,0.07662583094446299,per_sample,per_sample,True,2.286675,2.1146815069413636,-0.1719934930586362,0.1719934930586362,7.5215539181840985,False
113728,dry,TC air,0.2358372317110681,2.98,0.025,SCA,0.1201353692612062,per_sample,per_sample,True,1.4346,1.4345972785225782,-2.7214774218631277e-06,2.7214774218631277e-06,0.0001897028734046513,True
113728,oil,TC oil,0.2358372317110681,2.98,0.13,SCA,0.1201353692612062,per_sample,per_sample,True,1.7373784115253965,1.618077913787765,-0.11930049773763152,0.11930049773763152,6.866696221514988,False
113728,brine_avg,TC 60,0.2358372317110681,2.98,0.6,SCA,0.1201353692612062,per_sample,per_sample,True,2.286675,2.1097619165482326,-0.17691308345176715,0.17691308345176715,7.736695571157562,False
113728,dry,TC air,0.2358372317110681,2.98,0.025,DEM,0.11193850178530944,per_sample,per_sample,True,1.4346,1.4346010375705283,1.0375705281617797e-06,1.0375705281617797e-06,7.232472662496721e-05,True
113728,oil,TC oil,0.2358372317110681,2.98,0.13,DEM,0.11193850178530944,per_sample,per_sample,True,1.7373784115253965,1.6440939721368222,-0.09328443938857434,0.09328443938857434,5.369264333535247,False
113728,brine_avg,TC 60,0.2358372317110681,2.98,0.6,DEM,0.11193850178530944,per_sample,per_sample,True,2.286675,2.129713659967697,-0.15696134003230267,0.15696134003230267,6.864173528477053,False
113728,dry,TC air,0.2358372317110681,2.98,0.025,GSA,0.07662583094446322,per_sample,per_sample,True,1.4346,1.4345989593490376,-1.0406509625138227e-06,1.0406509625138227e-06,7.253945089319828e-05,True
113728,oil,TC oil,0.2358372317110681,2.98,0.13,GSA,0.07662583094446322,per_sample,per_sample,True,1.7373784115253965,1.622017573927849,-0.11536083759754745,0.11536083759754745,6.639937323513884,False
113728,brine_avg,TC 60,0.2358372317110681,2.98,0.6,GSA,0.07662583094446322,per_sample,per_sample,True,2.286675,2.1146815069413636,-0.1719934930586362,0.1719934930586362,7.5215539181840985,False
113728,dry,TC air,0.2358372317110681,2.98,0.025,Bruggeman,,,per_sample,False,1.4346,1.9413392553154916,0.5067392553154915,0.5067392553154915,35.322686136588,True
113728,oil,TC oil,0.2358372317110681,2.98,0.13,Bruggeman,,,per_sample,False,1.7373784115253965,2.0034777182588472,0.2660993067334507,0.2660993067334507,15.316139821250504,False
113728,brine_avg,TC 60,0.2358372317110681,2.98,0.6,Bruggeman,,,per_sample,False,2.286675,2.237596859795449,-0.04907814020455081,0.04907814020455081,2.146266531297662,False
113735,dry,TC air,0.09160330411903464,2.98,0.025,MT,0.1265202595608599,per_sample,per_sample,True,2.3656875,2.3656884803264586,9.803264586771832e-07,9.803264586771832e-07,4.143938955069861e-05,True
113735,oil,TC oil,0.09160330411903464,2.98,0.13,MT,0.1265202595608599,per_sample,per_sample,True,2.596562490472174,2.4366769291948858,-0.15988556127728826,0.15988556127728826,6.157585725896154,False
113735,brine_avg,TC 60,0.09160330411903464,2.98,0.6,MT,0.1265202595608599,per_sample,per_sample,True,2.8722000000000003,2.631324087384803,-0.24087591261519714,0.24087591261519714,8.386460295773174,False
113735,dry,TC air,0.09160330411903464,2.98,0.025,SCA,0.14253331179894205,per_sample,per_sample,True,2.3656875,2.3656873443297046,-1.5567029532093102e-07,1.5567029532093102e-07,6.580340612229258e-06,True
113735,oil,TC oil,0.09160330411903464,2.98,0.13,SCA,0.14253331179894205,per_sample,per_sample,True,2.596562490472174,2.4362404383543517,-0.16032205211782236,0.16032205211782236,6.17439606041095,False
113735,brine_avg,TC 60,0.09160330411903464,2.98,0.6,SCA,0.14253331179894205,per_sample,per_sample,True,2.8722000000000003,2.6307562348612943,-0.24144376513870602,0.24144376513870602,8.406230942786227,False
113735,dry,TC air,0.09160330411903464,2.98,0.025,DEM,0.1429424446880653,per_sample,per_sample,True,2.3656875,2.3656873598062043,-1.4019379568352974e-07,1.4019379568352974e-07,5.926133341091322e-06,True
113735,oil,TC oil,0.09160330411903464,2.98,0.13,DEM,0.1429424446880653,per_sample,per_sample,True,2.596562490472174,2.4392149275386656,-0.15734756293350838,0.15734756293350838,6.059841175048915,False
113735,brine_avg,TC 60,0.09160330411903464,2.98,0.6,DEM,0.1429424446880653,per_sample,per_sample,True,2.8722000000000003,2.6334743247201042,-0.23872567527989608,0.23872567527989608,8.311596521130006,False
113735,dry,TC air,0.09160330411903464,2.98,0.025,GSA,0.12652025956086096,per_sample,per_sample,True,2.3656875,2.365688480326461,9.803264608976292e-07,9.803264608976292e-07,4.143938964455911e-05,True
113735,oil,TC oil,0.09160330411903464,2.98,0.13,GSA,0.12652025956086096,per_sample,per_sample,True,2.596562490472174,2.436676929194887,-0.15988556127728693,0.15988556127728693,6.157585725896102,False
113735,brine_avg,TC 60,0.09160330411903464,2.98,0.6,GSA,0.12652025956086096,per_sample,per_sample,True,2.8722000000000003,2.6313240873848036,-0.2408759126151967,0.2408759126151967,8.386460295773158,False
113735,dry,TC air,0.09160330411903464,2.98,0.025,Bruggeman,,,per_sample,False,2.3656875,2.5759291559140634,0.2102416559140634,0.2102416559140634,8.887127142281615,True
113735,oil,TC oil,0.09160330411903464,2.98,0.13,Bruggeman,,,per_sample,False,2.596562490472174,2.5979545315749952,0.0013920411028212065,0.0013920411028212065,0.05361092243799878,False
113735,brine_avg,TC 60,0.09160330411903464,2.98,0.6,Bruggeman,,,per_sample,False,2.8722000000000003,2.6858337399972783,-0.18636626000272205,0.18636626000272205,6.488624051344686,False
113754,dry,TC air,0.1192694322660098,2.98,0.025,MT,0.05726541084530149,per_sample,per_sample,True,1.8863500000000002,1.886350389546547,3.89546546797348e-07,3.89546546797348e-07,2.0650809595109496e-05,True
113754,oil,TC oil,0.1192694322660098,2.98,0.13,MT,0.05726541084530149,per_sample,per_sample,True,2.2409375000000002,2.083740730580329,-0.15719676941967142,0.15719676941967142,7.014777048430464,False
113754,brine_avg,TC 60,0.1192694322660098,2.98,0.6,MT,0.05726541084530149,per_sample,per_sample,True,2.60505,2.4863933223457284,-0.11865667765427146,0.11865667765427146,4.554871409541908,False
113754,dry,TC air,0.1192694322660098,2.98,0.025,SCA,0.07717301756442285,per_sample,per_sample,True,1.8863500000000002,1.886352342804753,2.3428047528639695e-06,2.3428047528639695e-06,0.00012419777628032812,True
113754,oil,TC oil,0.1192694322660098,2.98,0.13,SCA,0.07717301756442285,per_sample,per_sample,True,2.2409375000000002,2.081361291355579,-0.15957620864442124,0.15957620864442124,7.1209575744268285,False
113754,brine_avg,TC 60,0.1192694322660098,2.98,0.6,SCA,0.07717301756442285,per_sample,per_sample,True,2.60505,2.484237235804004,-0.12081276419599574,0.12081276419599574,4.637637058635947,False
113754,dry,TC air,0.1192694322660098,2.98,0.025,DEM,0.0723384741189113,per_sample,per_sample,True,1.8863500000000002,1.88635193788691,1.937886909830766e-06,1.937886909830766e-06,0.00010273209689775312,True
113754,oil,TC oil,0.1192694322660098,2.98,0.13,DEM,0.0723384741189113,per_sample,per_sample,True,2.2409375000000002,2.0989759365557696,-0.1419615634442306,0.1419615634442306,6.334918463555124,False
113754,brine_avg,TC 60,0.1192694322660098,2.98,0.6,DEM,0.0723384741189113,per_sample,per_sample,True,2.60505,2.4935194855235734,-0.11153051447642648,0.11153051447642648,4.281319532309418,False
113754,dry,TC air,0.1192694322660098,2.98,0.025,GSA,0.05726541084530149,per_sample,per_sample,True,1.8863500000000002,1.886350389546548,3.8954654790757104e-07,3.8954654790757104e-07,2.0650809653965116e-05,True
113754,oil,TC oil,0.1192694322660098,2.98,0.13,GSA,0.05726541084530149,per_sample,per_sample,True,2.2409375000000002,2.0837407305803293,-0.15719676941967098,0.15719676941967098,7.014777048430442,False
113754,brine_avg,TC 60,0.1192694322660098,2.98,0.6,GSA,0.05726541084530149,per_sample,per_sample,True,2.60505,2.4863933223457284,-0.11865667765427146,0.11865667765427146,4.554871409541908,False
113754,dry,TC air,0.1192694322660098,2.98,0.025,Bruggeman,,,per_sample,False,1.8863500000000002,2.454017432754297,0.567667432754297,0.567667432754297,30.09343084551101,True
113754,oil,TC oil,0.1192694322660098,2.98,0.13,Bruggeman,,,per_sample,False,2.2409375000000002,2.4831295774375666,0.24219207743756632,0.24219207743756632,10.807623034447248,False
113754,brine_avg,TC 60,0.1192694322660098,2.98,0.6,Bruggeman,,,per_sample,False,2.60505,2.598281676660775,-0.006768323339224835,0.006768323339224835,0.2598154868131067,False
129473,dry,TC air,0.117869102602222,2.98,0.025,MT,0.13415130144920906,per_sample,per_sample,True,2.235925,2.235925202826887,2.0282688684147843e-07,2.0282688684147843e-07,9.071274163555506e-06,True
129473,oil,TC oil,0.117869102602222,2.98,0.13,MT,0.13415130144920906,per_sample,per_sample,True,2.4113402649754168,2.3152883389756744,-0.09605192599974233,0.09605192599974233,3.9833418532793243,False
129473,brine_avg,TC 60,0.117869102602222,2.98,0.6,MT,0.13415130144920906,per_sample,per_sample,True,2.6124875000000003,2.5426574232245223,-0.06983007677547803,0.06983007677547803,2.672934388221112,False
129473,dry,TC air,0.117869102602222,2.98,0.025,SCA,0.15519977048861663,per_sample,per_sample,True,2.235925,2.2359241915709336,-8.084290663568083e-07,8.084290663568083e-07,3.615635883836928e-05,True
129473,oil,TC oil,0.117869102602222,2.98,0.13,SCA,0.15519977048861663,per_sample,per_sample,True,2.4113402649754168,2.314697889758127,-0.0966423752172898,0.0966423752172898,4.007828203303156,False
129473,brine_avg,TC 60,0.117869102602222,2.98,0.6,SCA,0.15519977048861663,per_sample,per_sample,True,2.6124875000000003,2.541843584763767,-0.07064391523623348,0.07064391523623348,2.7040862486895523,False
129473,dry,TC air,0.117869102602222,2.98,0.025,DEM,0.15640346527679755,per_sample,per_sample,True,2.235925,2.2359247543041634,-2.4569583656486316e-07,2.4569583656486316e-07,1.0988554471409513e-05,True
129473,oil,TC oil,0.117869102602222,2.98,0.13,DEM,0.15640346527679755,per_sample,per_sample,True,2.4113402649754168,2.3186450069443456,-0.09269525803107115,0.09269525803107115,3.844138439417473,False
129473,brine_avg,TC 60,0.117869102602222,2.98,0.6,DEM,0.15640346527679755,per_sample,per_sample,True,2.6124875000000003,2.5456872507452166,-0.06680024925478367,0.06680024925478367,2.556959574152361,False
129473,dry,TC air,0.117869102602222,2.98,0.025,GSA,0.1341513014492092,per_sample,per_sample,True,2.235925,2.235925202826887,2.0282688684147843e-07,2.0282688684147843e-07,9.071274163555506e-06,True
129473,oil,TC oil,0.117869102602222,2.98,0.13,GSA,0.1341513014492092,per_sample,per_sample,True,2.4113402649754168,2.3152883389756744,-0.09605192599974233,0.09605192599974233,3.9833418532793243,False
129473,brine_avg,TC 60,0.117869102602222,2.98,0.6,GSA,0.1341513014492092,per_sample,per_sample,True,2.6124875000000003,2.5426574232245223,-0.06983007677547803,0.06983007677547803,2.672934388221112,False
129473,dry,TC air,0.117869102602222,2.98,0.025,Bruggeman,,,per_sample,False,2.235925,2.4601863322761655,0.22426133227616551,0.22426133227616551,10.029913001382674,True
129473,oil,TC oil,0.117869102602222,2.98,0.13,Bruggeman,,,per_sample,False,2.4113402649754168,2.488934066582003,0.07759380160658624,0.07759380160658624,3.2178702746199654,False
129473,brine_avg,TC 60,0.117869102602222,2.98,0.6,Bruggeman,,,per_sample,False,2.6124875000000003,2.6026971350679045,-0.00979036493209584,0.00979036493209584,0.3747526038725866,False
129498,dry,TC air,0.136895751762234,2.98,0.025,MT,0.08427562883832959,per_sample,per_sample,True,1.9574,1.957400618719214,6.187192138629172e-07,6.187192138629172e-07,3.1609237450848936e-05,True
129498,oil,TC oil,0.136895751762234,2.98,0.13,MT,0.08427562883832959,per_sample,per_sample,True,2.2367375000000003,2.099554835261637,-0.13718266473836316,0.13718266473836316,6.13315888602767,False
129498,brine_avg,TC 60,0.136895751762234,2.98,0.6,MT,0.08427562883832959,per_sample,per_sample,True,2.3839125,2.4461107245860045,0.062198224586004436,0.062198224586004436,2.6090816917988575,False
129498,dry,TC air,0.136895751762234,2.98,0.025,SCA,0.10805034001442593,per_sample,per_sample,True,1.9574,1.9574000929873037,9.298730363482832e-08,9.298730363482832e-08,4.75055193802127e-06,True
129498,oil,TC oil,0.136895751762234,2.98,0.13,SCA,0.10805034001442593,per_sample,per_sample,True,2.2367375000000003,2.0978630465985693,-0.138874453401431,0.138874453401431,6.208795328080787,False
129498,brine_avg,TC 60,0.136895751762234,2.98,0.6,SCA,0.10805034001442593,per_sample,per_sample,True,2.3839125,2.444202013575966,0.06028951357596579,0.06028951357596579,2.529015371829536,False
129498,dry,TC air,0.136895751762234,2.98,0.025,DEM,0.10466651447074962,per_sample,per_sample,True,1.9574,1.9573997669851142,-2.3301488583094e-07,2.3301488583094e-07,1.1904306009550424e-05,True
129498,oil,TC oil,0.136895751762234,2.98,0.13,DEM,0.10466651447074962,per_sample,per_sample,True,2.2367375000000003,2.109658884672645,-0.12707861532735532,0.12707861532735532,5.68142731667687,False
129498,brine_avg,TC 60,0.136895751762234,2.98,0.6,DEM,0.10466651447074962,per_sample,per_sample,True,2.3839125,2.452653220479934,0.06874072047993396,0.06874072047993396,2.8835253173064848,False
129498,dry,TC air,0.136895751762234,2.98,0.025,GSA,0.08427562883832959,per_sample,per_sample,True,1.9574,1.9574006187192143,6.187192143070064e-07,6.187192143070064e-07,3.1609237473536646e-05,True
129498,oil,TC oil,0.136895751762234,2.98,0.13,GSA,0.08427562883832959,per_sample,per_sample,True,2.2367375000000003,2.099554835261637,-0.13718266473836316,0.13718266473836316,6.13315888602767,False
129498,brine_avg,TC 60,0.136895751762234,2.98,0.6,GSA,0.08427562883832959,per_sample,per_sample,True,2.3839125,2.4461107245860045,0.062198224586004436,0.062198224586004436,2.6090816917988575,False
129498,dry,TC air,0.136895751762234,2.98,0.025,Bruggeman,,,per_sample,False,1.9574,2.376384652094541,0.41898465209454083,0.41898465209454083,21.405162567412937,True
129498,oil,TC oil,0.136895751762234,2.98,0.13,Bruggeman,,,per_sample,False,2.2367375000000003,2.410139454659309,0.17340195465930863,0.17340195465930863,7.752449925809739,False
129498,brine_avg,TC 60,0.136895751762234,2.98,0.6,Bruggeman,,,per_sample,False,2.3839125,2.542855435916811,0.15894293591681086,0.15894293591681086,6.667314170163999,False
129524,dry,TC air,0.1474964002666242,2.98,0.025,MT,0.09214306172958134,per_sample,per_sample,True,1.9375625,1.9375622444571943,-2.5554280580486477e-07,2.5554280580486477e-07,1.3188880658294364e-05,True
129524,oil,TC oil,0.1474964002666242,2.98,0.13,MT,0.09214306172958134,per_sample,per_sample,True,2.2731444762936803,2.072131419819706,-0.2010130564739745,0.2010130564739745,8.842951188114649,False
129524,brine_avg,TC 60,0.1474964002666242,2.98,0.6,MT,0.09214306172958134,per_sample,per_sample,True,2.5233375000000002,2.415548879894163,-0.10778862010583712,0.10778862010583712,4.271668776207586,False
129524,dry,TC air,0.1474964002666242,2.98,0.025,SCA,0.11812385472277985,per_sample,per_sample,True,1.9375625,1.9375622913612927,-2.0863870742182655e-07,2.0863870742182655e-07,1.0768102057189203e-05,True
129524,oil,TC oil,0.1474964002666242,2.98,0.13,SCA,0.11812385472277985,per_sample,per_sample,True,2.2731444762936803,2.0704921369068985,-0.20265233938678184,0.20265233938678184,8.915066398120135,False
129524,brine_avg,TC 60,0.1474964002666242,2.98,0.6,SCA,0.11812385472277985,per_sample,per_sample,True,2.5233375000000002,2.413589183892585,-0.10974831610741509,0.10974831610741509,4.3493316334979,False
129524,dry,TC air,0.1474964002666242,2.98,0.025,DEM,0.11517011962398974,per_sample,per_sample,True,1.9375625,1.9375625576671027,5.7667102648650825e-08,5.7667102648650825e-08,2.976270579589088e-06,True
129524,oil,TC oil,0.1474964002666242,2.98,0.13,DEM,0.11517011962398974,per_sample,per_sample,True,2.2731444762936803,2.0817319681455935,-0.19141250814808686,0.19141250814808686,8.420604591758346,False
129524,brine_avg,TC 60,0.1474964002666242,2.98,0.6,DEM,0.11517011962398974,per_sample,per_sample,True,2.5233375000000002,2.422280829148057,-0.10105667085194314,0.10105667085194314,4.004881267446116,False
129524,dry,TC air,0.1474964002666242,2.98,0.025,GSA,0.09214306172958116,per_sample,per_sample,True,1.9375625,1.9375622444571938,-2.55542806248954e-07,2.55542806248954e-07,1.318888068121436e-05,True
129524,oil,TC oil,0.1474964002666242,2.98,0.13,GSA,0.09214306172958116,per_sample,per_sample,True,2.2731444762936803,2.072131419819706,-0.2010130564739745,0.2010130564739745,8.842951188114649,False
129524,brine_avg,TC 60,0.1474964002666242,2.98,0.6,GSA,0.09214306172958116,per_sample,per_sample,True,2.5233375000000002,2.4155488798941627,-0.10778862010583756,0.10778862010583756,4.271668776207605,False
129524,dry,TC air,0.1474964002666242,2.98,0.025,Bruggeman,,,per_sample,False,1.9375625,2.3297113113432513,0.3921488113432512,0.3921488113432512,20.239285769788133,True
129524,oil,TC oil,0.1474964002666242,2.98,0.13,Bruggeman,,,per_sample,False,2.2731444762936803,2.366310285658055,0.09316580936437457,0.09316580936437457,4.098543244214714,False
129524,brine_avg,TC 60,0.1474964002666242,2.98,0.6,Bruggeman,,,per_sample,False,2.5233375000000002,2.509661228822335,-0.013676271177665011,0.013676271177665011,0.5419913577817081,False
129552,dry,TC air,0.1447440980724326,2.98,0.025,MT,0.07638039462005443,per_sample,per_sample,True,1.869,1.86899990922106,-9.07789399207104e-08,9.07789399207104e-08,4.857086138079743e-06,True
129552,oil,TC oil,0.1447440980724326,2.98,0.13,MT,0.07638039462005443,per_sample,per_sample,True,2.2544596734705014,2.0301553689166996,-0.2243043045538018,0.2243043045538018,9.949359804183551,False
129552,brine_avg,TC 60,0.1447440980724326,2.98,0.6,MT,0.07638039462005443,per_sample,per_sample,True,2.540625,2.4120395296209245,-0.12858547037907542,0.12858547037907542,5.061174725867668,False
129552,dry,TC air,0.1447440980724326,2.98,0.025,SCA,0.10145447474197994,per_sample,per_sample,True,1.869,1.8689978146553359,-2.1853446641184604e-06,2.1853446641184604e-06,0.00011692587822998718,True
129552,oil,TC oil,0.1447440980724326,2.98,0.13,SCA,0.10145447474197994,per_sample,per_sample,True,2.2544596734705014,2.028030340547857,-0.22642933292264456,0.22642933292264456,10.043618681104222,False
129552,brine_avg,TC 60,0.1447440980724326,2.98,0.6,SCA,0.10145447474197994,per_sample,per_sample,True,2.540625,2.4097238533173773,-0.13090114668262265,0.13090114668262265,5.152320656634593,False
129552,dry,TC air,0.1447440980724326,2.98,0.025,DEM,0.09709265668351497,per_sample,per_sample,True,1.869,1.868999724614044,-2.7538595603893157e-07,2.7538595603893157e-07,1.4734401072173973e-05,True
129552,oil,TC oil,0.1447440980724326,2.98,0.13,DEM,0.09709265668351497,per_sample,per_sample,True,2.2544596734705014,2.0429261341890226,-0.21153353928147878,0.21153353928147878,9.382893017369671,False
129552,brine_avg,TC 60,0.1447440980724326,2.98,0.6,DEM,0.09709265668351497,per_sample,per_sample,True,2.540625,2.4197970853684354,-0.1208279146315645,0.1208279146315645,4.755834278241161,False
129552,dry,TC air,0.1447440980724326,2.98,0.025,GSA,0.07638039462005451,per_sample,per_sample,True,1.869,1.8689999092210605,-9.077893947662119e-08,9.077893947662119e-08,4.857086114318951e-06,True
129552,oil,TC oil,0.1447440980724326,2.98,0.13,GSA,0.07638039462005451,per_sample,per_sample,True,2.2544596734705014,2.0301553689166996,-0.2243043045538018,0.2243043045538018,9.949359804183551,False
129552,brine_avg,TC 60,0.1447440980724326,2.98,0.6,GSA,0.07638039462005451,per_sample,per_sample,True,2.540625,2.4120395296209236,-0.1285854703790763,0.1285854703790763,5.061174725867702,False
129552,dry,TC air,0.1447440980724326,2.98,0.025,Bruggeman,,,per_sample,False,1.869,2.3418281616074084,0.47282816160740837,0.47282816160740837,25.298457014842608,True
129552,oil,TC oil,0.1447440980724326,2.98,0.13,Bruggeman,,,per_sample,False,2.2544596734705014,2.377684783663784,0.12322511019328264,0.12322511019328264,5.4658378521178275,False
129552,brine_avg,TC 60,0.1447440980724326,2.98,0.6,Bruggeman,,,per_sample,False,2.540625,2.5182692890432636,-0.022355710956736274,0.022355710956736274,0.8799295825529654,False
129563,dry,TC air,0.1588516934069688,2.98,0.025,MT,0.07972952736602831,per_sample,per_sample,True,1.8122,1.8121998868678708,-1.1313212922026139e-07,1.1313212922026139e-07,6.242805938652543e-06,True
129563,oil,TC oil,0.1588516934069688,2.98,0.13,MT,0.07972952736602831,per_sample,per_sample,True,2.166325,1.972873539267904,-0.19345146073209607,0.19345146073209607,8.92993713926101,False
129563,brine_avg,TC 60,0.1588516934069688,2.98,0.6,MT,0.07972952736602831,per_sample,per_sample,True,2.48075,2.3663592208559026,-0.11439077914409745,0.11439077914409745,4.61113692004827,False
129563,dry,TC air,0.1588516934069688,2.98,0.025,SCA,0.1075978351542636,per_sample,per_sample,True,1.8122,1.812199595854155,-4.0414584501213824e-07,4.0414584501213824e-07,2.230139305883116e-05,True
129563,oil,TC oil,0.1588516934069688,2.98,0.13,SCA,0.1075978351542636,per_sample,per_sample,True,2.166325,1.9706009627481293,-0.1957240372518707,0.1957240372518707,9.034841828990142,False
129563,brine_avg,TC 60,0.1588516934069688,2.98,0.6,SCA,0.1075978351542636,per_sample,per_sample,True,2.48075,2.363775569278657,-0.11697443072134295,0.11697443072134295,4.715284922758962,False
129563,dry,TC air,0.1588516934069688,2.98,0.025,DEM,0.10304034858551189,per_sample,per_sample,True,1.8122,1.8122007269071674,7.269071673476901e-07,7.269071673476901e-07,4.0111862230862496e-05,True
129563,oil,TC oil,0.1588516934069688,2.98,0.13,DEM,0.10304034858551189,per_sample,per_sample,True,2.166325,1.9863103390776056,-0.1800146609223945,0.1800146609223945,8.309679338159993,False
129563,brine_avg,TC 60,0.1588516934069688,2.98,0.6,DEM,0.10304034858551189,per_sample,per_sample,True,2.48075,2.374943187455983,-0.1058068125440168,0.1058068125440168,4.265113878626093,False
129563,dry,TC air,0.1588516934069688,2.98,0.025,GSA,0.07972952736602819,per_sample,per_sample,True,1.8122,1.812199886867871,-1.1313212899821679e-07,1.1313212899821679e-07,6.242805926399779e-06,True
129563,oil,TC oil,0.1588516934069688,2.98,0.13,GSA,0.07972952736602819,per_sample,per_sample,True,2.166325,1.9728735392679042,-0.19345146073209585,0.19345146073209585,8.929937139260998,False
129563,brine_avg,TC 60,0.1588516934069688,2.98,0.6,GSA,0.07972952736602819,per_sample,per_sample,True,2.48075,2.366359220855902,-0.1143907791440979,0.1143907791440979,4.611136920048288,False
129563,dry,TC air,0.1588516934069688,2.98,0.025,Bruggeman,,,per_sample,False,1.8122,2.2797295266237736,0.46752952662377356,0.46752952662377356,25.799002683135058,True
129563,oil,TC oil,0.1588516934069688,2.98,0.13,Bruggeman,,,per_sample,False,2.166325,2.31942122398937,0.15309622398936984,0.15309622398936984,7.067093995100912,False
129563,brine_avg,TC 60,0.1588516934069688,2.98,0.6,Bruggeman,,,per_sample,False,2.48075,2.4742247539373956,-0.006525246062604406,0.006525246062604406,0.2630352136492757,False
129688,dry,TC air,0.0865773064992614,2.98,0.025,MT,0.07109973243816498,per_sample,per_sample,True,2.2072874999999996,2.207286042062056,-1.4579379437051898e-06,1.4579379437051898e-06,6.605111222281601e-05,True
129688,oil,TC oil,0.0865773064992614,2.98,0.13,MT,0.07109973243816498,per_sample,per_sample,True,2.365288415656712,2.339818054161584,-0.02547036149512838,0.02547036149512838,1.076839565379457,False
129688,brine_avg,TC 60,0.0865773064992614,2.98,0.6,MT,0.07109973243816498,per_sample,per_sample,True,2.55265,2.6212529503703896,0.06860295037038977,0.06860295037038977,2.6875188674667414,False
129688,dry,TC air,0.0865773064992614,2.98,0.025,SCA,0.08546803799806756,per_sample,per_sample,True,2.2072874999999996,2.2072878318660467,3.3186604708745904e-07,3.3186604708745904e-07,1.5035016828911463e-05,True
129688,oil,TC oil,0.0865773064992614,2.98,0.13,SCA,0.08546803799806756,per_sample,per_sample,True,2.365288415656712,2.338741046508292,-0.026547369148420152,0.026547369148420152,1.122373448104399,False
129688,brine_avg,TC 60,0.0865773064992614,2.98,0.6,SCA,0.08546803799806756,per_sample,per_sample,True,2.55265,2.620231475211538,0.06758147521153823,0.06758147521153823,2.6475026036291007,False
129688,dry,TC air,0.0865773064992614,2.98,0.025,DEM,0.08286498975725753,per_sample,per_sample,True,2.2072874999999996,2.207289040979112,1.5409791123133232e-06,1.5409791123133232e-06,6.981324871877014e-05,True
129688,oil,TC oil,0.0865773064992614,2.98,0.13,DEM,0.08286498975725753,per_sample,per_sample,True,2.365288415656712,2.3467381890961025,-0.018550226560609673,0.018550226560609673,0.7842691165195294,False
129688,brine_avg,TC 60,0.0865773064992614,2.98,0.6,DEM,0.08286498975725753,per_sample,per_sample,True,2.55265,2.624875443089103,0.07222544308910317,0.07222544308910317,2.829429929254037,False
129688,dry,TC air,0.0865773064992614,2.98,0.025,GSA,0.0710997324381649,per_sample,per_sample,True,2.2072874999999996,2.207286042062055,-1.4579379445933682e-06,1.4579379445933682e-06,6.605111226305448e-05,True
129688,oil,TC oil,0.0865773064992614,2.98,0.13,GSA,0.0710997324381649,per_sample,per_sample,True,2.365288415656712,2.3398180541615834,-0.025470361495128824,0.025470361495128824,1.0768395653794756,False
129688,brine_avg,TC 60,0.0865773064992614,2.98,0.6,GSA,0.0710997324381649,per_sample,per_sample,True,2.55265,2.6212529503703896,0.06860295037038977,0.06860295037038977,2.6875188674667414,False
129688,dry,TC air,0.0865773064992614,2.98,0.025,Bruggeman,,,per_sample,False,2.2072874999999996,2.5980835799632045,0.39079607996320487,0.39079607996320487,17.70481099372895,True
129688,oil,TC oil,0.0865773064992614,2.98,0.13,Bruggeman,,,per_sample,False,2.365288415656712,2.618845893417667,0.2535574777609546,0.2535574777609546,10.719939102671987,False
129688,brine_avg,TC 60,0.0865773064992614,2.98,0.6,Bruggeman,,,per_sample,False,2.55265,2.7018084930830257,0.14915849308302587,0.14915849308302587,5.843280241436385,False
129693,dry,TC air,0.1065359216241736,2.98,0.025,MT,0.07216392550694217,per_sample,per_sample,True,2.075675,2.0756753870276476,3.870276477080381e-07,3.870276477080381e-07,1.8645869305553043e-05,True
129693,oil,TC oil,0.1065359216241736,2.98,0.13,MT,0.07216392550694217,per_sample,per_sample,True,2.2485923804021635,2.222710696455689,-0.02588168394647461,0.02588168394647461,1.151017150642734,False
129693,brine_avg,TC 60,0.1065359216241736,2.98,0.6,MT,0.07216392550694217,per_sample,per_sample,True,2.4773625,2.5463880199645756,0.06902551996457573,0.06902551996457573,2.7862502950042933,False
129693,dry,TC air,0.1065359216241736,2.98,0.025,SCA,0.09008957344454431,per_sample,per_sample,True,2.075675,2.0756749657389797,-3.426102024306488e-08,3.426102024306488e-08,1.650596564638726e-06,True
129693,oil,TC oil,0.1065359216241736,2.98,0.13,SCA,0.09008957344454431,per_sample,per_sample,True,2.2485923804021635,2.2212460363902506,-0.027346344011912826,0.027346344011912826,1.2161539036711446,False
129693,brine_avg,TC 60,0.1065359216241736,2.98,0.6,SCA,0.09008957344454431,per_sample,per_sample,True,2.4773625,2.5449349062344058,0.06757240623440586,0.06757240623440586,2.727594618648093,False
129693,dry,TC air,0.1065359216241736,2.98,0.025,DEM,0.08682765565637124,per_sample,per_sample,True,2.075675,2.075674975243825,-2.4756174887841098e-08,2.4756174887841098e-08,1.1926806888285065e-06,True
129693,oil,TC oil,0.1065359216241736,2.98,0.13,DEM,0.08682765565637124,per_sample,per_sample,True,2.2485923804021635,2.2318999783825526,-0.016692402019610864,0.016692402019610864,0.7423489541766306,False
129693,brine_avg,TC 60,0.1065359216241736,2.98,0.6,DEM,0.08682765565637124,per_sample,per_sample,True,2.4773625,2.55142834668352,0.07406584668352023,0.07406584668352023,2.989705652019849,False
129693,dry,TC air,0.1065359216241736,2.98,0.025,GSA,0.07216392550694206,per_sample,per_sample,True,2.075675,2.0756753870276476,3.870276477080381e-07,3.870276477080381e-07,1.8645869305553043e-05,True
129693,oil,TC oil,0.1065359216241736,2.98,0.13,GSA,0.07216392550694206,per_sample,per_sample,True,2.2485923804021635,2.222710696455689,-0.02588168394647461,0.02588168394647461,1.151017150642734,False
129693,brine_avg,TC 60,0.1065359216241736,2.98,0.6,GSA,0.07216392550694206,per_sample,per_sample,True,2.4773625,2.5463880199645756,0.06902551996457573,0.06902551996457573,2.7862502950042933,False
129693,dry,TC air,0.1065359216241736,2.98,0.025,Bruggeman,,,per_sample,False,2.075675,2.510119458573358,0.434444458573358,0.434444458573358,20.930273697633687,True
129693,oil,TC oil,0.1065359216241736,2.98,0.13,Bruggeman,,,per_sample,False,2.2485923804021635,2.5359408429924253,0.2873484625902618,0.2873484625902618,12.779037458931047,False
129693,brine_avg,TC 60,0.1065359216241736,2.98,0.6,Bruggeman,,,per_sample,False,2.4773625,2.638496136046607,0.1611336360466069,0.1611336360466069,6.504241347263749,False
129744,dry,TC air,0.037313,2.98,0.025,MT,0.06864397105689372,per_sample,per_sample,True,2.598375,2.59837501497103,1.4971030193322576e-08,1.4971030193322576e-08,5.76168959188823e-07,True
129744,oil,TC oil,0.037313,2.98,0.13,MT,0.06864397105689372,per_sample,per_sample,True,2.7151500684998755,2.6735768512770144,-0.041573217222861114,0.041573217222861114,1.5311572537068046,False
129744,brine_avg,TC 60,0.037313,2.98,0.6,MT,0.06864397105689372,per_sample,per_sample,True,2.7981125,2.8181534007182947,0.020040900718294896,0.020040900718294896,0.7162292694913053,False
129744,dry,TC air,0.037313,2.98,0.025,SCA,0.07463497353396627,per_sample,per_sample,True,2.598375,2.5983756455313456,6.455313457109924e-07,6.455313457109924e-07,2.4843655966170873e-05,True
129744,oil,TC oil,0.037313,2.98,0.13,SCA,0.07463497353396627,per_sample,per_sample,True,2.7151500684998755,2.673312363910267,-0.04183770458960856,0.04183770458960856,1.5408984230740497,False
129744,brine_avg,TC 60,0.037313,2.98,0.6,SCA,0.07463497353396627,per_sample,per_sample,True,2.7981125,2.8179320554033214,0.019819555403321587,0.019819555403321587,0.7083187471312032,False
129744,dry,TC air,0.037313,2.98,0.025,DEM,0.07357549864653284,per_sample,per_sample,True,2.598375,2.598375024723003,2.4723003200222138e-08,2.4723003200222138e-08,9.514794131032718e-07,True
129744,oil,TC oil,0.037313,2.98,0.13,DEM,0.07357549864653284,per_sample,per_sample,True,2.7151500684998755,2.675385057591324,-0.039765010908551446,0.039765010908551446,1.4645603338795072,False
129744,brine_avg,TC 60,0.037313,2.98,0.6,DEM,0.07357549864653284,per_sample,per_sample,True,2.7981125,2.818986054319271,0.020873554319271292,0.020873554319271292,0.7459869579679621,False
129744,dry,TC air,0.037313,2.98,0.025,GSA,0.06864397105689372,per_sample,per_sample,True,2.598375,2.59837501497103,1.4971030193322576e-08,1.4971030193322576e-08,5.76168959188823e-07,True
129744,oil,TC oil,0.037313,2.98,0.13,GSA,0.06864397105689372,per_sample,per_sample,True,2.7151500684998755,2.6735768512770144,-0.041573217222861114,0.041573217222861114,1.5311572537068046,False
129744,brine_avg,TC 60,0.037313,2.98,0.6,GSA,0.06864397105689372,per_sample,per_sample,True,2.7981125,2.8181534007182942,0.020040900718294452,0.020040900718294452,0.7162292694912894,False
129744,dry,TC air,0.037313,2.98,0.025,Bruggeman,,,per_sample,False,2.598375,2.8153412058228993,0.21696620582289938,0.21696620582289938,8.350072865652548,True
129744,oil,TC oil,0.037313,2.98,0.13,Bruggeman,,,per_sample,False,2.7151500684998755,2.824075737069516,0.1089256685696407,0.1089256685696407,4.011773412945175,False
129744,brine_avg,TC 60,0.037313,2.98,0.6,Bruggeman,,,per_sample,False,2.7981125,2.8594411002056104,0.061328600205610595,0.061328600205610595,2.1917846478871237,False
129750,dry,TC air,0.0216235,2.98,0.025,MT,0.05161118888220082,per_sample,per_sample,True,2.7035125,2.703512232330178,-2.6766982186288146e-07,2.6766982186288146e-07,9.900816876669943e-06,True
129750,oil,TC oil,0.0216235,2.98,0.13,MT,0.05161118888220082,per_sample,per_sample,True,2.8173837447981915,2.772299674579833,-0.04508407021835836,0.04508407021835836,1.6002104896643294,False
129750,brine_avg,TC 60,0.0216235,2.98,0.6,MT,0.05161118888220082,per_sample,per_sample,True,2.8489375,2.881209817445786,0.03227231744578596,0.03227231744578596,1.1327843255875554,False
129750,dry,TC air,0.0216235,2.98,0.025,SCA,0.054982439680871145,per_sample,per_sample,True,2.7035125,2.7035126850055913,1.850055912910875e-07,1.850055912910875e-07,6.843156497004822e-06,True
129750,oil,TC oil,0.0216235,2.98,0.13,SCA,0.054982439680871145,per_sample,per_sample,True,2.8173837447981915,2.7721515281180005,-0.04523221668019106,0.04523221668019106,1.6054687886839862,False
129750,brine_avg,TC 60,0.0216235,2.98,0.6,SCA,0.054982439680871145,per_sample,per_sample,True,2.8489375,2.8811111812288357,0.03217368122883579,0.03217368122883579,1.1293221149581483,False
129750,dry,TC air,0.0216235,2.98,0.025,DEM,0.05420060931922229,per_sample,per_sample,True,2.7035125,2.7035127754635746,2.75463574617163e-07,2.75463574617163e-07,1.0189099351941704e-05,True
129750,oil,TC oil,0.0216235,2.98,0.13,DEM,0.05420060931922229,per_sample,per_sample,True,2.8173837447981915,2.7734063635912785,-0.04397738120691308,0.04397738120691308,1.5609297557746493,False
129750,brine_avg,TC 60,0.0216235,2.98,0.6,DEM,0.05420060931922229,per_sample,per_sample,True,2.8489375,2.8815794753061836,0.032641975306183735,0.032641975306183735,1.1457596141081978,False
129750,dry,TC air,0.0216235,2.98,0.025,GSA,0.05161118888220069,per_sample,per_sample,True,2.7035125,2.7035122323301777,-2.6766982230697067e-07,2.6766982230697067e-07,9.90081689309632e-06,True
129750,oil,TC oil,0.0216235,2.98,0.13,GSA,0.05161118888220069,per_sample,per_sample,True,2.8173837447981915,2.7722996745798327,-0.04508407021835881,0.04508407021835881,1.6002104896643454,False
129750,brine_avg,TC 60,0.0216235,2.98,0.6,GSA,0.05161118888220069,per_sample,per_sample,True,2.8489375,2.881209817445786,0.03227231744578596,0.03227231744578596,1.1327843255875554,False
129750,dry,TC air,0.0216235,2.98,0.025,Bruggeman,,,per_sample,False,2.7035125,2.8845673844654436,0.1810548844654436,0.1810548844654436,6.697024129366652,True
129750,oil,TC oil,0.0216235,2.98,0.13,Bruggeman,,,per_sample,False,2.8173837447981915,2.889593194814664,0.0722094500164725,0.0722094500164725,2.5629966152035437,False
129750,brine_avg,TC 60,0.0216235,2.98,0.6,Bruggeman,,,per_sample,False,2.8489375,2.910018632748759,0.06108113274875926,0.06108113274875926,2.143996937411202,False
129817,dry,TC air,0.014711499999999999,2.98,0.025,MT,0.023970242568536075,per_sample,per_sample,True,2.659425,2.6594249925315383,-7.468461848958441e-09,7.468461848958441e-09,2.8082994816392415e-07,True
129817,oil,TC oil,0.014711499999999999,2.98,0.13,MT,0.023970242568536075,per_sample,per_sample,True,2.8368898616877924,2.7849155915773314,-0.051974270110461074,0.051974270110461074,1.8320862861958012,False
129817,brine_avg,TC 60,0.014711499999999999,2.98,0.6,MT,0.023970242568536075,per_sample,per_sample,True,2.9149374999999997,2.906890203939354,-0.008047296060645692,0.008047296060645692,0.27607096415088467,False
129817,dry,TC air,0.014711499999999999,2.98,0.025,SCA,0.026170331568392047,per_sample,per_sample,True,2.659425,2.6594248428999325,-1.571000676214851e-07,1.571000676214851e-07,5.907294532520567e-06,True
129817,oil,TC oil,0.014711499999999999,2.98,0.13,SCA,0.026170331568392047,per_sample,per_sample,True,2.8368898616877924,2.784735936895273,-0.05215392479251957,0.05215392479251957,1.8384190904574234,False
129817,brine_avg,TC 60,0.014711499999999999,2.98,0.6,SCA,0.026170331568392047,per_sample,per_sample,True,2.9149374999999997,2.9068184848986456,-0.008119015101354154,0.008119015101354154,0.27853136135351636,False
129817,dry,TC air,0.014711499999999999,2.98,0.025,DEM,0.02537974664130605,per_sample,per_sample,True,2.659425,2.6594250238663353,2.3866335130406924e-08,2.3866335130406924e-08,8.974246361678529e-07,True
129817,oil,TC oil,0.014711499999999999,2.98,0.13,DEM,0.02537974664130605,per_sample,per_sample,True,2.8368898616877924,2.7864800002491843,-0.05040986143860815,0.05040986143860815,1.776941083240259,False
129817,brine_avg,TC 60,0.014711499999999999,2.98,0.6,DEM,0.02537974664130605,per_sample,per_sample,True,2.9149374999999997,2.907136955862212,-0.007800544137787746,0.007800544137787746,0.26760587963850846,False
129817,dry,TC air,0.014711499999999999,2.98,0.025,GSA,0.02397024256853599,per_sample,per_sample,True,2.659425,2.6594249925315383,-7.468461848958441e-09,7.468461848958441e-09,2.8082994816392415e-07,True
129817,oil,TC oil,0.014711499999999999,2.98,0.13,GSA,0.02397024256853599,per_sample,per_sample,True,2.8368898616877924,2.784915591577331,-0.05197427011046152,0.05197427011046152,1.832086286195817,False
129817,brine_avg,TC 60,0.014711499999999999,2.98,0.6,GSA,0.02397024256853599,per_sample,per_sample,True,2.9149374999999997,2.906890203939354,-0.008047296060645692,0.008047296060645692,0.27607096415088467,False
129817,dry,TC air,0.014711499999999999,2.98,0.025,Bruggeman,,,per_sample,False,2.659425,2.9150697014046543,0.2556447014046541,0.2556447014046541,9.612781011107819,True
129817,oil,TC oil,0.014711499999999999,2.98,0.13,Bruggeman,,,per_sample,False,2.8368898616877924,2.918478536082983,0.08158867439519035,0.08158867439519035,2.8759901995860213,False
129817,brine_avg,TC 60,0.014711499999999999,2.98,0.6,Bruggeman,,,per_sample,False,2.9149374999999997,2.932354415579111,0.01741691557911107,0.01741691557911107,0.5975056267625316,False
129822,dry,TC air,0.06934715385806561,2.98,0.025,MT,0.09122219498216441,per_sample,per_sample,True,2.4153000000000002,2.4153007387797474,7.387797471558599e-07,7.387797471558599e-07,3.0587494189370257e-05,True
129822,oil,TC oil,0.06934715385806561,2.98,0.13,MT,0.09122219498216441,per_sample,per_sample,True,2.605161460353123,2.5004921651824534,-0.10466929517066959,0.10466929517066959,4.017766144770234,False
129822,brine_avg,TC 60,0.06934715385806561,2.98,0.6,MT,0.09122219498216441,per_sample,per_sample,True,2.8097000000000003,2.698542608577436,-0.11115739142256409,0.11115739142256409,3.9562014244426127,False
129822,dry,TC air,0.06934715385806561,2.98,0.025,SCA,0.1028390847197002,per_sample,per_sample,True,2.4153000000000002,2.4152998777014183,-1.222985819282485e-07,1.222985819282485e-07,5.0634944697655976e-06,True
129822,oil,TC oil,0.06934715385806561,2.98,0.13,SCA,0.1028390847197002,per_sample,per_sample,True,2.605161460353123,2.4999949315652326,-0.10516652878789046,0.10516652878789046,4.0368526246214085,False
129822,brine_avg,TC 60,0.06934715385806561,2.98,0.6,SCA,0.1028390847197002,per_sample,per_sample,True,2.8097000000000003,2.698017261015621,-0.11168273898437953,0.11168273898437953,3.974899063401058,False
129822,dry,TC air,0.06934715385806561,2.98,0.025,DEM,0.10161596200076749,per_sample,per_sample,True,2.4153000000000002,2.415300084139511,8.413951091412741e-08,8.413951091412741e-08,3.483604973052101e-06,True
129822,oil,TC oil,0.06934715385806561,2.98,0.13,DEM,0.10161596200076749,per_sample,per_sample,True,2.605161460353123,2.503589416618951,-0.10157204373417184,0.10157204373417184,3.8988771053140026,False
129822,brine_avg,TC 60,0.06934715385806561,2.98,0.6,DEM,0.10161596200076749,per_sample,per_sample,True,2.8097000000000003,2.7004993443097427,-0.10920065569025761,0.10920065569025761,3.886559265767078,False
129822,dry,TC air,0.06934715385806561,2.98,0.025,GSA,0.09122219498216441,per_sample,per_sample,True,2.4153000000000002,2.415300738779748,7.387797475999491e-07,7.387797475999491e-07,3.058749420775676e-05,True
129822,oil,TC oil,0.06934715385806561,2.98,0.13,GSA,0.09122219498216441,per_sample,per_sample,True,2.605161460353123,2.5004921651824534,-0.10466929517066959,0.10466929517066959,4.017766144770234,False
129822,brine_avg,TC 60,0.06934715385806561,2.98,0.6,GSA,0.09122219498216441,per_sample,per_sample,True,2.8097000000000003,2.698542608577436,-0.11115739142256409,0.11115739142256409,3.9562014244426127,False
129822,dry,TC air,0.06934715385806561,2.98,0.025,Bruggeman,,,per_sample,False,2.4153000000000002,2.6740489269256456,0.25874892692564533,0.25874892692564533,10.712910484231578,True
129822,oil,TC oil,0.06934715385806561,2.98,0.13,Bruggeman,,,per_sample,False,2.605161460353123,2.6905340590449636,0.08537259869184055,0.08537259869184055,3.2770559518513878,False
129822,brine_avg,TC 60,0.06934715385806561,2.98,0.6,Bruggeman,,,per_sample,False,2.8097000000000003,2.756728144269908,-0.05297185573009244,0.05297185573009244,1.885320700789851,False
129845,dry,TC air,0.07459951122802215,2.98,0.025,MT,0.08540136661980584,per_sample,per_sample,True,2.357925,2.3579249729022136,-2.7097786237106902e-08,2.7097786237106902e-08,1.149221719821746e-06,True
129845,oil,TC oil,0.07459951122802215,2.98,0.13,MT,0.08540136661980584,per_sample,per_sample,True,2.5337567978288718,2.455058576168961,-0.07869822165991058,0.07869822165991058,3.1059895617190096,False
129845,brine_avg,TC 60,0.07459951122802215,2.98,0.6,MT,0.08540136661980584,per_sample,per_sample,True,2.6235875,2.675575055915531,0.05198755591553095,0.05198755591553095,1.9815445802943847,False
129845,dry,TC air,0.07459951122802215,2.98,0.025,SCA,0.09786934802034322,per_sample,per_sample,True,2.357925,2.3579249134553657,-8.654463412582913e-08,8.654463412582913e-08,3.6703726422947777e-06,True
129845,oil,TC oil,0.07459951122802215,2.98,0.13,SCA,0.09786934802034322,per_sample,per_sample,True,2.5337567978288718,2.4544288529636553,-0.07932794486521644,0.07932794486521644,3.130842902254512,False
129845,brine_avg,TC 60,0.07459951122802215,2.98,0.6,SCA,0.09786934802034322,per_sample,per_sample,True,2.6235875,2.6749281230812594,0.051340623081259196,0.051340623081259196,1.9568862514118242,False
129845,dry,TC air,0.07459951122802215,2.98,0.025,DEM,0.09628577772181891,per_sample,per_sample,True,2.357925,2.3579255248411,5.248411003577758e-07,5.248411003577758e-07,2.2258600267513842e-05,True
129845,oil,TC oil,0.07459951122802215,2.98,0.13,DEM,0.09628577772181891,per_sample,per_sample,True,2.5337567978288718,2.4590152225765003,-0.07474157525237146,0.07474157525237146,2.9498322536881245,False
129845,brine_avg,TC 60,0.07459951122802215,2.98,0.6,DEM,0.09628577772181891,per_sample,per_sample,True,2.6235875,2.6779530391044672,0.054365539104467064,0.054365539104467064,2.072183188266717,False
129845,dry,TC air,0.07459951122802215,2.98,0.025,GSA,0.08540136661980598,per_sample,per_sample,True,2.357925,2.357924972902214,-2.7097785793017692e-08,2.7097785793017692e-08,1.1492217009878472e-06,True
129845,oil,TC oil,0.07459951122802215,2.98,0.13,GSA,0.08540136661980598,per_sample,per_sample,True,2.5337567978288718,2.4550585761689616,-0.07869822165991014,0.07869822165991014,3.1059895617189923,False
129845,brine_avg,TC 60,0.07459951122802215,2.98,0.6,GSA,0.08540136661980598,per_sample,per_sample,True,2.6235875,2.675575055915531,0.05198755591553095,0.05198755591553095,1.9815445802943847,False
129845,dry,TC air,0.07459951122802215,2.98,0.025,Bruggeman,,,per_sample,False,2.357925,2.650889553310626,0.2929645533106262,0.2929645533106262,12.424676497794723,True
129845,oil,TC oil,0.07459951122802215,2.98,0.13,Bruggeman,,,per_sample,False,2.5337567978288718,2.6686700599124866,0.13491326208361487,0.13491326208361487,5.324633453345621,False
129845,brine_avg,TC 60,0.07459951122802215,2.98,0.6,Bruggeman,,,per_sample,False,2.6235875,2.7399616803237157,0.11637418032371549,0.11637418032371549,4.4356889306613745,False
129897,dry,TC air,0.2364854161234349,2.98,0.025,MT,0.05449532784185876,per_sample,per_sample,True,1.2605,1.2605002918674002,2.918674002483357e-07,2.918674002483357e-07,2.3154890936004417e-05,True
129897,oil,TC oil,0.2364854161234349,2.98,0.13,MT,0.05449532784185876,per_sample,per_sample,True,1.6629125,1.5041763494459612,-0.15873615055403878,0.15873615055403878,9.54567065639586,False
129897,brine_avg,TC 60,0.2364854161234349,2.98,0.6,MT,0.05449532784185876,per_sample,per_sample,True,2.1783,2.0851460086493008,-0.09315399135069935,0.09315399135069935,4.27645371852818,False
129897,dry,TC air,0.2364854161234349,2.98,0.025,SCA,0.09717181001717107,per_sample,per_sample,True,1.2605,1.2604998599177313,-1.4008226867368023e-07,1.4008226867368023e-07,1.111323035887983e-05,True
129897,oil,TC oil,0.2364854161234349,2.98,0.13,SCA,0.09717181001717107,per_sample,per_sample,True,1.6629125,1.498275901218566,-0.164636598781434,0.164636598781434,9.900496795918846,False
129897,brine_avg,TC 60,0.2364854161234349,2.98,0.6,SCA,0.09717181001717107,per_sample,per_sample,True,2.1783,2.0786076482920604,-0.09969235170793977,0.09969235170793977,4.57661257439011,False
129897,dry,TC air,0.2364854161234349,2.98,0.025,DEM,0.08502553173558133,per_sample,per_sample,True,1.2605,1.2605020779271614,2.0779271614479455e-06,2.0779271614479455e-06,0.00016484943763966247,True
129897,oil,TC oil,0.2364854161234349,2.98,0.13,DEM,0.08502553173558133,per_sample,per_sample,True,1.6629125,1.5378708485377817,-0.12504165146221835,0.12504165146221835,7.51943661871676,False
129897,brine_avg,TC 60,0.2364854161234349,2.98,0.6,DEM,0.08502553173558133,per_sample,per_sample,True,2.1783,2.1038587899889354,-0.07444121001106474,0.07444121001106474,3.417399348623456,False
129897,dry,TC air,0.2364854161234349,2.98,0.025,GSA,0.05449532784185862,per_sample,per_sample,True,1.2605,1.2605002918673993,2.9186739936015726e-07,2.9186739936015726e-07,2.315489086554203e-05,True
129897,oil,TC oil,0.2364854161234349,2.98,0.13,GSA,0.05449532784185862,per_sample,per_sample,True,1.6629125,1.5041763494459608,-0.15873615055403922,0.15873615055403922,9.545670656395885,False
129897,brine_avg,TC 60,0.2364854161234349,2.98,0.6,GSA,0.05449532784185862,per_sample,per_sample,True,2.1783,2.0851460086493003,-0.0931539913506998,0.0931539913506998,4.2764537185282006,False
129897,dry,TC air,0.2364854161234349,2.98,0.025,Bruggeman,,,per_sample,False,1.2605,1.9384943377353583,0.6779943377353583,0.6779943377353583,53.78773008610538,True
129897,oil,TC oil,0.2364854161234349,2.98,0.13,Bruggeman,,,per_sample,False,1.6629125,2.0008344544672183,0.3379219544672183,0.3379219544672183,20.3210905244394,False
129897,brine_avg,TC 60,0.2364854161234349,2.98,0.6,Bruggeman,,,per_sample,False,2.1783,2.2356336853391245,0.05733368533912442,0.05733368533912442,2.6320380727688755,False
129913,dry,TC air,0.10171065443731632,2.98,0.025,MT,0.10422502800188524,per_sample,per_sample,True,2.2462375000000003,2.246236458665635,-1.0413343654036566e-06,1.0413343654036566e-06,4.635904998485941e-05,True
129913,oil,TC oil,0.10171065443731632,2.98,0.13,MT,0.10422502800188524,per_sample,per_sample,True,2.4261375077050964,2.3413623900908775,-0.08477511761421885,0.08477511761421885,3.4942420759328,False
129913,brine_avg,TC 60,0.10171065443731632,2.98,0.6,MT,0.10422502800188524,per_sample,per_sample,True,2.604825,2.584497894585044,-0.02032710541495586,0.02032710541495586,0.7803635720232975,False
129913,dry,TC air,0.10171065443731632,2.98,0.025,SCA,0.1218093791153427,per_sample,per_sample,True,2.2462375000000003,2.2462384054594415,9.054594412027939e-07,9.054594412027939e-07,4.031004919127179e-05,True
129913,oil,TC oil,0.10171065443731632,2.98,0.13,SCA,0.1218093791153427,per_sample,per_sample,True,2.4261375077050964,2.3406159059780607,-0.08552160172703571,0.08552160172703571,3.5250104932399857,False
129913,brine_avg,TC 60,0.10171065443731632,2.98,0.6,SCA,0.1218093791153427,per_sample,per_sample,True,2.604825,2.5836057847531437,-0.021219215246856216,0.021219215246856216,0.8146119315829745,False
129913,dry,TC air,0.10171065443731632,2.98,0.025,DEM,0.12071809768729658,per_sample,per_sample,True,2.2462375000000003,2.246237652711979,1.5271197861821406e-07,1.5271197861821406e-07,6.798567765795648e-06,True
129913,oil,TC oil,0.10171065443731632,2.98,0.13,DEM,0.12071809768729658,per_sample,per_sample,True,2.4261375077050964,2.3458118467136098,-0.08032566099148664,0.08032566099148664,3.3108453554830595,False
129913,brine_avg,TC 60,0.10171065443731632,2.98,0.6,DEM,0.12071809768729658,per_sample,per_sample,True,2.604825,2.5877635351525883,-0.017061464847411667,0.017061464847411667,0.654994667488667,False
129913,dry,TC air,0.10171065443731632,2.98,0.025,GSA,0.10422502800188514,per_sample,per_sample,True,2.2462375000000003,2.2462364586656354,-1.0413343649595674e-06,1.0413343649595674e-06,4.6359049965089054e-05,True
129913,oil,TC oil,0.10171065443731632,2.98,0.13,GSA,0.10422502800188514,per_sample,per_sample,True,2.4261375077050964,2.3413623900908775,-0.08477511761421885,0.08477511761421885,3.4942420759328,False
129913,brine_avg,TC 60,0.10171065443731632,2.98,0.6,GSA,0.10422502800188514,per_sample,per_sample,True,2.604825,2.5844978945850436,-0.020327105414956304,0.020327105414956304,0.7803635720233145,False
129913,dry,TC air,0.10171065443731632,2.98,0.025,Bruggeman,,,per_sample,False,2.2462375000000003,2.5313828015550537,0.28514530155505335,0.28514530155505335,12.694352291556585,True
129913,oil,TC oil,0.10171065443731632,2.98,0.13,Bruggeman,,,per_sample,False,2.4261375077050964,2.5559703053174867,0.1298327976123903,0.1298327976123903,5.351419579478009,False
129913,brine_avg,TC 60,0.10171065443731632,2.98,0.6,Bruggeman,,,per_sample,False,2.604825,2.6537719484968294,0.04894694849682946,0.04894694849682946,1.879087788885221,False
129914,dry,TC air,0.05877849795017343,2.98,0.025,MT,0.09372570719861426,per_sample,per_sample,True,2.4985875,2.498586800598643,-6.994013572736435e-07,6.994013572736435e-07,2.7991869697324726e-05,True
129914,oil,TC oil,0.05877849795017343,2.98,0.13,MT,0.09372570719861426,per_sample,per_sample,True,2.5786813976183107,2.571364608606267,-0.0073167890120435786,0.0073167890120435786,0.28374148969319823,False
129914,brine_avg,TC 60,0.05877849795017343,2.98,0.6,MT,0.09372570719861426,per_sample,per_sample,True,2.661575,2.740478585907641,0.07890358590764102,0.07890358590764102,2.964544899453933,False
129914,dry,TC air,0.05877849795017343,2.98,0.025,SCA,0.10353251630652682,per_sample,per_sample,True,2.4985875,2.4985877176470765,2.176470763615157e-07,2.176470763615157e-07,8.710804659093015e-06,True
129914,oil,TC oil,0.05877849795017343,2.98,0.13,SCA,0.10353251630652682,per_sample,per_sample,True,2.5786813976183107,2.571010480491112,-0.007670917127198695,0.007670917127198695,0.2974744043325248,False
129914,brine_avg,TC 60,0.05877849795017343,2.98,0.6,SCA,0.10353251630652682,per_sample,per_sample,True,2.661575,2.7401041716099943,0.07852917160999429,0.07852917160999429,2.9504775033577593,False
129914,dry,TC air,0.05877849795017343,2.98,0.025,DEM,0.10260489021019084,per_sample,per_sample,True,2.4985875,2.4985874678815856,-3.211841459460629e-08,3.211841459460629e-08,1.2854628703059746e-06,True
129914,oil,TC oil,0.05877849795017343,2.98,0.13,DEM,0.10260489021019084,per_sample,per_sample,True,2.5786813976183107,2.5735862854719764,-0.005095112146334291,0.005095112146334291,0.19758595036363058,False
129914,brine_avg,TC 60,0.05877849795017343,2.98,0.6,DEM,0.10260489021019084,per_sample,per_sample,True,2.661575,2.741894915552571,0.0803199155525709,0.0803199155525709,3.0177588665572417,False
129914,dry,TC air,0.05877849795017343,2.98,0.025,GSA,0.09372570719861441,per_sample,per_sample,True,2.4985875,2.498586800598643,-6.994013572736435e-07,6.994013572736435e-07,2.7991869697324726e-05,True
129914,oil,TC oil,0.05877849795017343,2.98,0.13,GSA,0.09372570719861441,per_sample,per_sample,True,2.5786813976183107,2.5713646086062676,-0.0073167890120431345,0.0073167890120431345,0.283741489693181,False
129914,brine_avg,TC 60,0.05877849795017343,2.98,0.6,GSA,0.09372570719861441,per_sample,per_sample,True,2.661575,2.7404785859076406,0.07890358590764057,0.07890358590764057,2.9645448994539163,False
129914,dry,TC air,0.05877849795017343,2.98,0.025,Bruggeman,,,per_sample,False,2.4985875,2.720655859404284,0.22206835940428382,0.22206835940428382,8.887755958287785,True
129914,oil,TC oil,0.05877849795017343,2.98,0.13,Bruggeman,,,per_sample,False,2.5786813976183107,2.7345560873263666,0.15587468970805585,0.15587468970805585,6.044744025067341,False
129914,brine_avg,TC 60,0.05877849795017343,2.98,0.6,Bruggeman,,,per_sample,False,2.661575,2.7905300100198405,0.12895501001984044,0.12895501001984044,4.845063919665628,False
129937,dry,TC air,0.127186314179544,2.98,0.025,MT,0.10950926395723967,per_sample,per_sample,True,2.1168875,2.1168877701659445,2.701659447268412e-07,2.701659447268412e-07,1.2762413908478425e-05,True
129937,oil,TC oil,0.127186314179544,2.98,0.13,MT,0.10950926395723967,per_sample,per_sample,True,2.3031752303961825,2.2205204439749853,-0.08265478642119728,0.08265478642119728,3.5887319961746615,False
129937,brine_avg,TC 60,0.127186314179544,2.98,0.6,MT,0.10950926395723967,per_sample,per_sample,True,2.6351500000000003,2.497429443150588,-0.1377205568494122,0.1377205568494122,5.226289085987977,False
129937,dry,TC air,0.127186314179544,2.98,0.025,SCA,0.13194791097587716,per_sample,per_sample,True,2.1168875,2.1168868997068824,-6.00293117436479e-07,6.00293117436479e-07,2.8357346218751774e-05,True
129937,oil,TC oil,0.127186314179544,2.98,0.13,SCA,0.13194791097587716,per_sample,per_sample,True,2.3031752303961825,2.2195416192506645,-0.08363361114551804,0.08363361114551804,3.6312309216321217,False
129937,brine_avg,TC 60,0.127186314179544,2.98,0.6,SCA,0.13194791097587716,per_sample,per_sample,True,2.6351500000000003,2.4961926176581017,-0.13895738234189858,0.13895738234189858,5.27322476298877,False
129937,dry,TC air,0.127186314179544,2.98,0.025,DEM,0.13096208536266102,per_sample,per_sample,True,2.1168875,2.1168872168947215,-2.831052783314192e-07,2.831052783314192e-07,1.3373657236457734e-05,True
129937,oil,TC oil,0.127186314179544,2.98,0.13,DEM,0.13096208536266102,per_sample,per_sample,True,2.3031752303961825,2.2261987860817984,-0.07697644431438411,0.07697644431438411,3.3421879194638153,False
129937,brine_avg,TC 60,0.127186314179544,2.98,0.6,DEM,0.13096208536266102,per_sample,per_sample,True,2.6351500000000003,2.5018708450810974,-0.13327915491890296,0.13327915491890296,5.057744527594366,False
129937,dry,TC air,0.127186314179544,2.98,0.025,GSA,0.10950926395723953,per_sample,per_sample,True,2.1168875,2.116887770165944,2.70165944282752e-07,2.70165944282752e-07,1.276241388750002e-05,True
129937,oil,TC oil,0.127186314179544,2.98,0.13,GSA,0.10950926395723953,per_sample,per_sample,True,2.3031752303961825,2.220520443974985,-0.08265478642119772,0.08265478642119772,3.5887319961746806,False
129937,brine_avg,TC 60,0.127186314179544,2.98,0.6,GSA,0.10950926395723953,per_sample,per_sample,True,2.6351500000000003,2.497429443150588,-0.1377205568494122,0.1377205568494122,5.226289085987977,False
129937,dry,TC air,0.127186314179544,2.98,0.025,Bruggeman,,,per_sample,False,2.1168875,2.4191446667073224,0.3022571667073226,0.3022571667073226,14.278376470517335,True
129937,oil,TC oil,0.127186314179544,2.98,0.13,Bruggeman,,,per_sample,False,2.3031752303961825,2.450329112379243,0.14715388198306023,0.14715388198306023,6.389174390250256,False
129937,brine_avg,TC 60,0.127186314179544,2.98,0.6,Bruggeman,,,per_sample,False,2.6351500000000003,2.5733517046299754,-0.0617982953700249,0.0617982953700249,2.345152851641269,False
