state,phi_total,phi_mc_abs,phi_pore,lambda_basic,lambda_dual,delta_lambda_abs,delta_lambda_pct,alpha_basic,alpha_pore,alpha_mc
dry,0.01,0.0025,0.0075,4.92219791022087,4.252398134677619,-0.6697997755432512,-13.607737595280799,0.5,0.5,0.0001
dry,0.0129,0.0025,0.0104,4.899800804632418,4.234013610402761,-0.6657871942296572,-13.588046142614656,0.5,0.5,0.0001
dry,0.0158,0.0025,0.013300000000000001,4.877477442677927,4.215681362585329,-0.6617960800925982,-13.568408831620268,0.5,0.5,0.0001
dry,0.0187,0.0025,0.016200000000000003,4.855227460748874,4.197401168569458,-0.6578262921794158,-13.548825415441033,0.5,0.5,0.0001
dry,0.0216,0.0025,0.019100000000000002,4.833050497623282,4.179172806961936,-0.6538776906613464,-13.529295648429487,0.5,0.5,0.0001
dry,0.0245,0.0025,0.022000000000000002,4.810946194446167,4.1609960576232705,-0.6499501368228966,-13.509819286135633,0.5,0.5,0.0001
dry,0.0274,0.0025,0.024900000000000002,4.788914194710183,4.142870701658822,-0.6460434930513612,-13.49039608529588,0.5,0.5,0.0001
dry,0.0303,0.0025,0.027800000000000002,4.766954144236457,4.124796521410022,-0.642157622826435,-13.471025803821574,0.5,0.5,0.0001
dry,0.0332,0.0025,0.0307,4.745065691155602,4.106773300445655,-0.6382923907099478,-13.451708200787829,0.5,0.5,0.0001
dry,0.0361,0.0025,0.0336,4.72324848588894,4.088800823553225,-0.6344476623357149,-13.432443036422391,0.5,0.5,0.0001
dry,0.039,0.0025,0.0365,4.701502181129872,4.070878876730385,-0.6306233043994869,-13.413230072094418,0.5,0.5,0.0001
dry,0.0419,0.0025,0.0394,4.679826431825463,4.053007247176444,-0.626819184649019,-13.39406907030343,0.5,0.5,0.0001
dry,0.0448,0.0025,0.0423,4.658220895158183,4.0351857232839485,-0.6230351718742346,-13.374959794668083,0.5,0.5,0.0001
dry,0.0477,0.0025,0.0452,4.636685230527839,4.017414094630324,-0.6192711358975158,-13.355902009915349,0.5,0.5,0.0001
dry,0.0506,0.0025,0.0481,4.615219099533676,3.999692151969595,-0.615526947564081,-13.336895481869412,0.5,0.5,0.0001
dry,0.0535,0.0025,0.051,4.593822165956649,3.982019687224181,-0.6118024787324678,-13.317939977440593,0.5,0.5,0.0001
dry,0.0564,0.0025,0.053899999999999997,4.572494095741873,3.9643964934767406,-0.6080976022651323,-13.299035264614604,0.5,0.5,0.0001
dry,0.0593,0.0025,0.056799999999999996,4.5512345569812345,3.946822364962102,-0.6044121920191325,-13.280181112441502,0.5,0.5,0.0001
dry,0.0622,0.0025,0.059699999999999996,4.530043219896177,3.9292970970592545,-0.6007461228369224,-13.261377291024848,0.5,0.5,0.0001
dry,0.06509999999999999,0.0025,0.06259999999999999,4.508919756820649,3.9118204862834065,-0.5970992705372429,-13.24262357151089,0.5,0.5,0.0001
dry,0.06799999999999999,0.0025,0.06549999999999999,4.487863842184215,3.89439233027811,-0.5934715119061047,-13.22391972607765,0.5,0.5,0.0001
dry,0.07089999999999999,0.0025,0.06839999999999999,4.466875152495324,3.8770124278074487,-0.5898627246878752,-13.205265527924169,0.5,0.5,0.0001
dry,0.07379999999999999,0.0025,0.07129999999999999,4.445953366324753,3.859680578748297,-0.5862727875764562,-13.186660751259714,0.5,0.5,0.0001
dry,0.07669999999999999,0.0025,0.07419999999999999,4.4250981642891904,3.842396584082633,-0.5827015802065576,-13.168105171293025,0.5,0.5,0.0001
dry,0.07959999999999999,0.0025,0.07709999999999999,4.404309229034988,3.8251602458899256,-0.5791489831450622,-13.149598564221556,0.5,0.5,0.0001
dry,0.08249999999999999,0.0025,0.07999999999999999,4.383586245222058,3.8079713673395768,-0.5756148778824812,-13.131140707220704,0.5,0.5,0.0001
dry,0.08539999999999999,0.0025,0.08289999999999999,4.362928899507938,3.7908297526834316,-0.572099146824506,-13.112731378433162,0.5,0.5,0.0001
dry,0.08829999999999999,0.0025,0.08579999999999999,4.342336880531988,3.773735207248345,-0.5686016732836432,-13.09437035695818,0.5,0.5,0.0001
dry,0.09119999999999999,0.0025,0.08869999999999999,4.3218098788997565,3.7566875374288142,-0.5651223414709423,-13.076057422840886,0.5,0.5,0.0001
dry,0.09409999999999999,0.0025,0.09159999999999999,4.301347587167472,3.739686550679669,-0.561661036487803,-13.057792357061489,0.5,0.5,0.0001
dry,0.09699999999999999,0.0025,0.09449999999999999,4.280949699826708,3.722732055508822,-0.5582176443178861,-13.039574941524835,0.5,0.5,0.0001
dry,0.09989999999999999,0.0025,0.09739999999999999,4.26061591328917,3.7058238614700816,-0.5547920518190885,-13.021404959049509,0.5,0.5,0.0001
dry,0.10279999999999999,0.0025,0.10029999999999999,4.240345925871634,3.688961779156015,-0.5513841467156189,-13.003282193357323,0.5,0.5,0.0001
dry,0.10569999999999999,0.0025,0.10319999999999999,4.220139437781031,3.6721456201908844,-0.5479938175901462,-12.985206429062542,0.5,0.5,0.0001
dry,0.10859999999999999,0.0025,0.10609999999999999,4.1999961510996595,3.655375197223624,-0.5446209538760356,-12.967177451661255,0.5,0.5,0.0001
dry,0.11149999999999999,0.0025,0.10899999999999999,4.179915769770555,3.638650323920887,-0.541265445849668,-12.949195047520758,0.5,0.5,0.0001
dry,0.11439999999999999,0.0025,0.11189999999999999,4.159897999582975,3.621970814960143,-0.5379271846228315,-12.9312590038688,0.5,0.5,0.0001
dry,0.11729999999999999,0.0025,0.11479999999999999,4.139942548158038,3.6053364860228347,-0.5346060621352029,-12.913369108782979,0.5,0.5,0.0001
dry,0.12019999999999999,0.0025,0.11769999999999999,4.1200491249344795,3.5887471537875846,-0.5313019711468949,-12.895525151179942,0.5,0.5,0.0001
dry,0.12309999999999999,0.0025,0.12059999999999998,4.10021744115456,3.5722026359234627,-0.5280148052310971,-12.877726920804864,0.5,0.5,0.0001
dry,0.126,0.0025,0.1235,4.080447209850085,3.555702751083309,-0.5247444587667762,-12.859974208220555,0.5,0.5,0.0001
dry,0.1289,0.0025,0.12639999999999998,4.060738145828569,3.539247318897103,-0.5214908269314664,-12.842266804796873,0.5,0.5,0.0001
dry,0.1318,0.0025,0.1293,4.041089965659518,3.522836159965395,-0.518253805694123,-12.824604502699867,0.5,0.5,0.0001
dry,0.1347,0.0025,0.13219999999999998,4.021502387660843,3.5064690958527827,-0.5150332918080602,-12.80698709488112,0.5,0.5,0.0001
dry,0.1376,0.0025,0.1351,4.001975131885403,3.4901459490814495,-0.5118291828039534,-12.78941437506688,0.5,0.5,0.0001
dry,0.1405,0.0025,0.138,3.9825079201076656,3.473866543124745,-0.5086413769829208,-12.771886137747337,0.5,0.5,0.0001
dry,0.1434,0.0025,0.1409,3.9631004758104926,3.4576307024008215,-0.5054697734096711,-12.754402178165762,0.5,0.5,0.0001
dry,0.14629999999999999,0.0025,0.14379999999999998,3.943752524172046,3.4414382522663245,-0.5023142719057216,-12.736962292307574,0.5,0.5,0.0001
dry,0.1492,0.0025,0.1467,3.924463792052819,3.4252890190101284,-0.49917477304269076,-12.71956627688954,0.5,0.5,0.0001
dry,0.1521,0.0025,0.1496,3.9052340079827816,3.409182829847127,-0.4960511781356547,-12.702213929348785,0.5,0.5,0.0001
dry,0.155,0.0025,0.1525,3.886062902148644,3.393119512912066,-0.492943389236578,-12.684905047831945,0.5,0.5,0.0001
dry,0.15789999999999998,0.0025,0.15539999999999998,3.866950206381237,3.377098897253438,-0.4898513091277992,-12.66763943118396,0.5,0.5,0.0001
dry,0.1608,0.0025,0.1583,3.84789565414301,3.3611208128274086,-0.4867748413156012,-12.650416878937275,0.5,0.5,0.0001
dry,0.1637,0.0025,0.1612,3.8288989805156377,3.345185090491808,-0.4837138900238296,-12.63323719130056,0.5,0.5,0.0001
dry,0.1666,0.0025,0.1641,3.8099599221877463,3.3292915620001593,-0.48066836018758696,-12.616100169147677,0.5,0.5,0.0001
dry,0.16949999999999998,0.0025,0.16699999999999998,3.7910782174427458,3.3134400599957563,-0.47763815744698945,-12.59900561400651,0.5,0.5,0.0001
dry,0.1724,0.0025,0.1699,3.7722536061467706,3.2976304180057916,-0.47462318814097904,-12.581953328047597,0.5,0.5,0.0001
dry,0.1753,0.0025,0.1728,3.753485829736742,3.2818624704355264,-0.4716233593012156,-12.56494311407308,0.5,0.5,0.0001
dry,0.1782,0.0025,0.1757,3.734774631208521,3.2661360525625134,-0.46863857864600744,-12.547974775505063,0.5,0.5,0.0001
dry,0.18109999999999998,0.0025,0.17859999999999998,3.7161197551051837,3.250451000530856,-0.4656687545743279,-12.531048116374475,0.5,0.5,0.0001
dry,0.184,0.0025,0.1815,3.6975209475053905,3.2348071513455174,-0.46271379615987307,-12.514162941309435,0.5,0.5,0.0001
dry,0.1869,0.0025,0.1844,3.6789779560118676,3.2192043428666794,-0.45977361314518816,-12.49731905552372,0.5,0.5,0.0001
dry,0.1898,0.0025,0.1873,3.6604905297399895,3.2036424138041366,-0.45684811593585284,-12.480516264805184,0.5,0.5,0.0001
dry,0.19269999999999998,0.0025,0.19019999999999998,3.6420584193064642,3.1881212037117375,-0.4539372155947268,-12.463754375504152,0.5,0.5,0.0001
dry,0.1956,0.0025,0.1931,3.62368137681812,3.172640552981876,-0.451040823836244,-12.447033194521469,0.5,0.5,0.0001
dry,0.1985,0.0025,0.196,3.605359155860789,3.1572003028400166,-0.4481588530207725,-12.43035252929672,0.5,0.5,0.0001
dry,0.2014,0.0025,0.1989,3.5870915114883,3.1418002953392636,-0.44529121614903655,-12.413712187796493,0.5,0.5,0.0001
dry,0.20429999999999998,0.0025,0.20179999999999998,3.568878200211557,3.126440373354982,-0.44243782685657473,-12.397111978502034,0.5,0.5,0.0001
dry,0.2072,0.0025,0.2047,3.550718979987721,3.1111203805794494,-0.4395985994082716,-12.380551710397306,0.5,0.5,0.0001
dry,0.2101,0.0025,0.2076,3.532613610209493,3.095840161516552,-0.4367734486929411,-12.364031192956856,0.5,0.5,0.0001
dry,0.213,0.0025,0.2105,3.5145618516944834,3.080599561476529,-0.4339622902179543,-12.347550236133335,0.5,0.5,0.0001
dry,0.21589999999999998,0.0025,0.21339999999999998,3.496563466674678,3.065398426570749,-0.4311650401039291,-12.331108650345138,0.5,0.5,0.0001
dry,0.2188,0.0025,0.2163,3.4786182187860026,3.0502366037065296,-0.42838161507947303,-12.314706246463956,0.5,0.5,0.0001
dry,0.2217,0.0025,0.2192,3.460725873057973,3.0351139405820033,-0.42561193247596973,-12.29834283580195,0.5,0.5,0.0001
dry,0.2246,0.0025,0.2221,3.4428861959034434,3.020030285681011,-0.4228559102224323,-12.282018230099274,0.5,0.5,0.0001
dry,0.22749999999999998,0.0025,0.22499999999999998,3.4250989551084356,3.0049854882680442,-0.4201134668403914,-12.265732241510989,0.5,0.5,0.0001
dry,0.2304,0.0025,0.2279,3.407363919822067,2.989979398383229,-0.4173845214388381,-12.249484682593984,0.5,0.5,0.0001
dry,0.2333,0.0025,0.2308,3.3896808605465636,2.9750118668373333,-0.41466899370923027,-12.23327536629415,0.5,0.5,0.0001
dry,0.2362,0.0025,0.2337,3.37204954912736,2.960082745206833,-0.4119668039205271,-12.217104105932798,0.5,0.5,0.0001
dry,0.23909999999999998,0.0025,0.23659999999999998,3.3544697587432855,2.945191885828999,-0.4092778729142865,-12.200970715193387,0.5,0.5,0.0001
dry,0.242,0.0025,0.2395,3.3369412638968394,2.9303391417970324,-0.40660212209980706,-12.184875008107936,0.5,0.5,0.0001
dry,0.2449,0.0025,0.2424,3.3194638404045493,2.915524366955231,-0.40393947344931824,-12.168816799043347,0.5,0.5,0.0001
dry,0.2478,0.0025,0.2453,3.3020372653874115,2.9007474158941986,-0.4012898494932129,-12.152795902687416,0.5,0.5,0.0001
dry,0.2507,0.0025,0.24819999999999998,3.2846613172614187,2.8860081439460816,-0.3986531733153371,-12.136812134034981,0.5,0.5,0.0001
dry,0.2536,0.0025,0.2511,3.2673357757281685,2.8713064071798557,-0.3960293685483127,-12.12086530837353,0.5,0.5,0.0001
dry,0.2565,0.0025,0.254,3.250060421765551,2.8566420623966358,-0.3934183593689151,-12.104955241268899,0.5,0.5,0.0001
dry,0.25939999999999996,0.0025,0.25689999999999996,3.232835037618522,2.8420149671250243,-0.3908200704934979,-12.089081748550852,0.5,0.5,0.0001
dry,0.2623,0.0025,0.2598,3.215659406789951,2.8274249796165045,-0.3882344271734466,-12.073244646298026,0.5,0.5,0.0001
dry,0.2652,0.0025,0.2627,3.198533314031555,2.812871958840857,-0.385661355190698,-12.057443750823266,0.5,0.5,0.0001
dry,0.2681,0.0025,0.2656,3.1814565453349015,2.798355764481614,-0.3831007808532876,-12.041678878658384,0.5,0.5,0.0001
dry,0.271,0.0025,0.2685,3.164428887922498,2.783876256931556,-0.3805526309909424,-12.025949846538714,0.5,0.5,0.0001
dry,0.2739,0.0025,0.2714,3.147450130238954,2.7694332972882276,-0.3780168329507263,-12.010256471387756,0.5,0.5,0.0001
dry,0.2768,0.0025,0.2743,3.130520061942217,2.7550267473495036,-0.3754933145927133,-11.994598570301196,0.5,0.5,0.0001
dry,0.2797,0.0025,0.2772,3.11363847389489,2.7406564696091755,-0.3729820042857144,-11.978975960531038,0.5,0.5,0.0001
dry,0.28259999999999996,0.0025,0.28009999999999996,3.0968051581556177,2.726322327252582,-0.3704828309030357,-11.963388459469188,0.5,0.5,0.0001
dry,0.2855,0.0025,0.283,3.0800199079705486,2.71202418415226,-0.3679957238182885,-11.94783588463115,0.5,0.5,0.0001
dry,0.2884,0.0025,0.2859,3.063282517764871,2.6977619048636416,-0.3655206129012294,-11.932318053639142,0.5,0.5,0.0001
dry,0.2913,0.0025,0.2888,3.046592783134419,2.683535354620774,-0.363057428513645,-11.91683478420511,0.5,0.5,0.0001
dry,0.2942,0.0025,0.2917,3.029950500837354,2.669344399332076,-0.36060610150527816,-11.901385894113497,0.5,0.5,0.0001
dry,0.2971,0.0025,0.2946,3.0133554687859134,2.6551889055761255,-0.3581665632097879,-11.885971201203617,0.5,0.5,0.0001
dry,0.3,0.0025,0.2975,2.9968074860382266,2.641068740597474,-0.35573874544075235,-11.870590523351845,0.5,0.5,0.0001
oil,0.01,0.0025,0.0075,4.924868653005357,4.254034052397372,-0.6708346006079857,-13.621370393271603,0.5,0.5,0.0001
oil,0.0129,0.0025,0.0104,4.903234404092288,4.236275437661107,-0.6669589664311806,-13.602428753447521,0.5,0.5,0.0001
oil,0.0158,0.0025,0.013300000000000001,4.881668727086676,4.218565429445635,-0.6631032976410403,-13.583537407233546,0.5,0.5,0.0001
oil,0.0187,0.0025,0.016200000000000003,4.860171296486138,4.200903828464719,-0.6592674680214188,-13.564696135258925,0.5,0.5,0.0001
oil,0.0216,0.0025,0.019100000000000002,4.838741788845196,4.183290436520063,-0.6554513523251329,-13.545904719201012,0.5,0.5,0.0001
oil,0.0245,0.0025,0.022000000000000002,4.817379882759054,4.165725056493902,-0.651654826265152,-13.52716294177594,0.5,0.5,0.0001
oil,0.0274,0.0025,0.024900000000000002,4.7960852588475325,4.148207492341644,-0.6478777665058884,-13.508470586729501,0.5,0.5,0.0001
oil,0.0303,0.0025,0.027800000000000002,4.77485759973915,4.130737549084577,-0.644120050654573,-13.48982743882794,0.5,0.5,0.0001
oil,0.0332,0.0025,0.0307,4.753696590055351,4.113315032802637,-0.6403815572527138,-13.47123328384863,0.5,0.5,0.0001
oil,0.0361,0.0025,0.0336,4.732601916394898,4.095939750627233,-0.6366621657676648,-13.452687908571189,0.5,0.5,0.0001
oil,0.039,0.0025,0.0365,4.711573267318388,4.078611510734125,-0.6329617565842636,-13.434191100768267,0.5,0.5,0.0001
oil,0.0419,0.0025,0.0394,4.6906103333329385,4.061330122336371,-0.6292802109965674,-13.415742649196547,0.5,0.5,0.0001
oil,0.0448,0.0025,0.0423,4.669712806876987,4.044095395677324,-0.6256174111996629,-13.397342343587583,0.5,0.5,0.0001
oil,0.0477,0.0025,0.0452,4.648880382305264,4.026907142023681,-0.6219732402815827,-13.37898997463905,0.5,0.5,0.0001
oil,0.0506,0.0025,0.0481,4.628112755873888,4.009765173658601,-0.6183475822152866,-13.360685334005636,0.5,0.5,0.0001
oil,0.0535,0.0025,0.051,4.607409625725597,3.992669303874867,-0.6147403218507304,-13.342428214290107,0.5,0.5,0.0001
oil,0.0564,0.0025,0.053899999999999997,4.586770691875133,3.9756193469681076,-0.6111513449070252,-13.324218409034492,0.5,0.5,0.0001
oil,0.0593,0.0025,0.056799999999999996,4.5661956561947425,3.9586151182300737,-0.6075805379646688,-13.306055712711148,0.5,0.5,0.0001
oil,0.0622,0.0025,0.059699999999999996,4.545684222399829,3.9416564339419695,-0.6040277884578593,-13.287939920713884,0.5,0.5,0.0001
oil,0.06509999999999999,0.0025,0.06259999999999999,4.52523609603473,3.924743111367834,-0.600492984666896,-13.269870829349264,0.5,0.5,0.0001
oil,0.06799999999999999,0.0025,0.06549999999999999,4.504850984458623,3.90787496874798,-0.5969760157106432,-13.251848235827618,0.5,0.5,0.0001
oil,0.07089999999999999,0.0025,0.06839999999999999,4.484528596831569,3.8910518252924784,-0.5934767715390907,-13.233871938254488,0.5,0.5,0.0001
oil,0.07379999999999999,0.0025,0.07129999999999999,4.464268644100678,3.874273501174705,-0.5899951429259733,-13.215941735621673,0.5,0.5,0.0001
oil,0.07669999999999999,0.0025,0.07419999999999999,4.4440708389864065,3.857539817524928,-0.5865310214614787,-13.19805742779864,0.5,0.5,0.0001
oil,0.07959999999999999,0.0025,0.07709999999999999,4.423934895968977,3.840850596423955,-0.5830842995450221,-13.180218815523702,0.5,0.5,0.0001
oil,0.08249999999999999,0.0025,0.07999999999999999,4.403860531274924,3.8242056608968267,-0.5796548703780977,-13.162425700395348,0.5,0.5,0.0001
oil,0.08539999999999999,0.0025,0.08289999999999999,4.383847462863767,3.8076048349065603,-0.5762426279572068,-13.144677884863581,0.5,0.5,0.0001
oil,0.08829999999999999,0.0025,0.08579999999999999,4.363895410414797,3.791047943347944,-0.5728474670668526,-13.126975172221242,0.5,0.5,0.0001
oil,0.09119999999999999,0.0025,0.08869999999999999,4.34400409531399,3.7745348120413817,-0.5694692832726078,-13.109317366595297,0.5,0.5,0.0001
oil,0.09409999999999999,0.0025,0.09159999999999999,4.324173240641039,3.7580652677267805,-0.5661079729142582,-13.091704272938317,0.5,0.5,0.0001
oil,0.09699999999999999,0.0025,0.09449999999999999,4.304402571156503,3.741639138057497,-0.5627634330990059,-13.074135697019694,0.5,0.5,0.0001
oil,0.09989999999999999,0.0025,0.09739999999999999,4.284691813289072,3.725256251594322,-0.55943556169475,-13.056611445417088,0.5,0.5,0.0001
oil,0.10279999999999999,0.0025,0.10029999999999999,4.26504069512295,3.7089164377995165,-0.5561242573234337,-13.039131325507835,0.5,0.5,0.0001
oil,0.10569999999999999,0.0025,0.10319999999999999,4.24544894638535,3.692619527030895,-0.5528294193544552,-13.021695145460267,0.5,0.5,0.0001
oil,0.10859999999999999,0.0025,0.10609999999999999,4.225916298434103,3.6763653505359533,-0.5495509478981497,-13.004302714225165,0.5,0.5,0.0001
oil,0.11149999999999999,0.0025,0.10899999999999999,4.206442484245379,3.6601537404460456,-0.5462887437993333,-12.986953841527104,0.5,0.5,0.0001
oil,0.11439999999999999,0.0025,0.11189999999999999,4.187027238401524,3.6439845297706035,-0.5430427086309204,-12.96964833785598,0.5,0.5,0.0001
oil,0.11729999999999999,0.0025,0.11479999999999999,4.167670297078991,3.627857552391405,-0.5398127446875858,-12.952386014458153,0.5,0.5,0.0001
oil,0.12019999999999999,0.0025,0.11769999999999999,4.148371398036399,3.6117726430568813,-0.5365987549795181,-12.935166683328141,0.5,0.5,0.0001
oil,0.12309999999999999,0.0025,0.12059999999999998,4.1291302806026895,3.595729637376477,-0.5334006432262126,-12.917990157199817,0.5,0.5,0.0001
oil,0.126,0.0025,0.1235,4.109946685665385,3.5797283718150466,-0.5302183138503382,-12.90085624953789,0.5,0.5,0.0001
oil,0.1289,0.0025,0.12639999999999998,4.090820355658963,3.5637686836873,-0.5270516719716625,-12.88376477452927,0.5,0.5,0.0001
oil,0.1318,0.0025,0.1293,4.0717510345533245,3.547850411152287,-0.5239006234010377,-12.866715547074458,0.5,0.5,0.0001
oil,0.1347,0.0025,0.13219999999999998,4.0527384678423735,3.5319733932079265,-0.520765074634447,-12.849708382778909,0.5,0.5,0.0001
oil,0.1376,0.0025,0.1351,4.033782402532691,3.516137469685581,-0.51764493284711,-12.832743097944407,0.5,0.5,0.0001
oil,0.1405,0.0025,0.138,4.014882587132316,3.5003424812446693,-0.5145401058876469,-12.815819509560404,0.5,0.5,0.0001
oil,0.1434,0.0025,0.1409,3.9960387716396224,3.4845882693673214,-0.511450502272301,-12.798937435295374,0.5,0.5,0.0001
oil,0.14629999999999999,0.0025,0.14379999999999998,3.9772507075322943,3.468874676353076,-0.5083760311792185,-12.782096693488125,0.5,0.5,0.0001
oil,0.1492,0.0025,0.1467,3.958518147756403,3.453201545313617,-0.505316602442786,-12.765297103139158,0.5,0.5,0.0001
oil,0.1521,0.0025,0.1496,3.939840846715576,3.4375687201675573,-0.5022721265480188,-12.748538483901825,0.5,0.5,0.0001
oil,0.155,0.0025,0.1525,3.9212185602602663,3.4219760456352515,-0.4992425146250148,-12.731820656073763,0.5,0.5,0.0001
oil,0.15789999999999998,0.0025,0.15539999999999998,3.902651045677111,3.406423367233658,-0.49622767844345317,-12.715143440588026,0.5,0.5,0.0001
oil,0.1608,0.0025,0.1583,3.884138061678387,3.390910531271235,-0.49322753040715206,-12.69850665900434,0.5,0.5,0.0001
oil,0.1637,0.0025,0.1612,3.865679368391562,3.375437384842881,-0.49024198354868087,-12.681910133500327,0.5,0.5,0.0001
oil,0.1666,0.0025,0.1641,3.8472747273489296,3.360003775824908,-0.48727095152402145,-12.66535368686262,0.5,0.5,0.0001
oil,0.16949999999999998,0.0025,0.16699999999999998,3.8289239014773466,3.3446095528700575,-0.48431434860728917,-12.648837142478124,0.5,0.5,0.0001
oil,0.1724,0.0025,0.1699,3.810626655088044,3.3292545654025534,-0.4813720896854905,-12.632360324324884,0.5,0.5,0.0001
oil,0.1753,0.0025,0.1728,3.7923827538665456,3.3139386636131922,-0.4784440902533533,-12.615923056963407,0.5,0.5,0.0001
oil,0.1782,0.0025,0.1757,3.774191964862664,3.2986616984544703,-0.47553026640819374,-12.599525165527648,0.5,0.5,0.0001
oil,0.18109999999999998,0.0025,0.17859999999999998,3.756054056480581,3.2834235216357506,-0.4726305348448303,-12.583166475715865,0.5,0.5,0.0001
oil,0.184,0.0025,0.1815,3.7379687984690246,3.268223985618464,-0.4697448128505606,-12.56684681378175,0.5,0.5,0.0001
oil,0.1869,0.0025,0.1844,3.7199359619115206,3.2530629436113445,-0.46687301830017613,-12.55056600652527,0.5,0.5,0.0001
oil,0.1898,0.0025,0.1873,3.7019553192167405,3.23794024956571,-0.46401506965103057,-12.534323881283548,0.5,0.5,0.0001
oil,0.19269999999999998,0.0025,0.19019999999999998,3.684026644108919,3.2228557581707666,-0.46117088593815225,-12.518120265921661,0.5,0.5,0.0001
oil,0.1956,0.0025,0.1931,3.666149711618369,3.2078093248489576,-0.45834038676941136,-12.501954988823508,0.5,0.5,0.0001
oil,0.1985,0.0025,0.196,3.6483242980720685,3.192800805751344,-0.45552349232072453,-12.485827878882443,0.5,0.5,0.0001
oil,0.2014,0.0025,0.1989,3.6305501810843315,3.1778300577530194,-0.45272012333131206,-12.469738765491979,0.5,0.5,0.0001
oil,0.20429999999999998,0.0025,0.20179999999999998,3.6128271395475617,3.162896938448561,-0.4499302010990007,-12.453687478536434,0.5,0.5,0.0001
oil,0.2072,0.0025,0.2047,3.595154953623082,3.148001306147513,-0.44715364747556885,-12.437673848381465,0.5,0.5,0.0001
oil,0.2101,0.0025,0.2076,3.577533404732046,3.1331430198699093,-0.44439038486213667,-12.4216977058645,0.5,0.5,0.0001
oil,0.213,0.0025,0.2105,3.559962275546426,3.1183219393418202,-0.44164033620460597,-12.405758882285282,0.5,0.5,0.0001
oil,0.21589999999999998,0.0025,0.21339999999999998,3.5424413499800793,3.103537924990942,-0.4389034249891375,-12.389857209396158,0.5,0.5,0.0001
oil,0.2188,0.0025,0.2163,3.524970413179888,3.0887908379422138,-0.43617957523767403,-12.373992519392381,0.5,0.5,0.0001
oil,0.2217,0.0025,0.2192,3.5075492515169784,3.0740805400134708,-0.43346871150350763,-12.358164644902333,0.5,0.5,0.0001
oil,0.2246,0.0025,0.2221,3.490177652578014,3.0594068937111256,-0.4307707588668883,-12.34237341897769,0.5,0.5,0.0001
oil,0.22749999999999998,0.0025,0.22499999999999998,3.4728554051565617,3.0447697622258874,-0.4280856429306743,-12.326618675083468,0.5,0.5,0.0001
oil,0.2304,0.0025,0.2279,3.4555822992445306,3.0301690094285085,-0.4254132898160221,-12.310900247087943,0.5,0.5,0.0001
oil,0.2333,0.0025,0.2308,3.438358126023688,3.015604499865563,-0.42275362615812506,-12.295217969252706,0.5,0.5,0.0001
oil,0.2362,0.0025,0.2337,3.421182677857242,3.001076098755262,-0.4201065791019798,-12.27957167622225,0.5,0.5,0.0001
oil,0.23909999999999998,0.0025,0.23659999999999998,3.4040557482815004,2.9865836719832926,-0.4174720762982078,-12.263961203013903,0.5,0.5,0.0001
oil,0.242,0.0025,0.2395,3.3869771319975954,2.97212708609869,-0.4148500458989055,-12.248386385007338,0.5,0.5,0.0001
oil,0.2449,0.0025,0.2424,3.3699466248632817,2.9577062083097454,-0.41224041655353627,-12.232847057934066,0.5,0.5,0.0001
oil,0.2478,0.0025,0.2453,3.352964023884802,2.9433209064799377,-0.4096431174048645,-12.217343057866898,0.5,0.5,0.0001
oil,0.2507,0.0025,0.24819999999999998,3.3360291272088225,2.9289710491238976,-0.4070580780849249,-12.20187422120924,0.5,0.5,0.0001
oil,0.2536,0.0025,0.2511,3.3191417341144347,2.9146565054034004,-0.4044852287110343,-12.186440384684364,0.5,0.5,0.0001
oil,0.2565,0.0025,0.254,3.302301645005228,2.9003771451233944,-0.40192449988183343,-12.17104138532436,0.5,0.5,0.0001
oil,0.25939999999999996,0.0025,0.25689999999999996,3.285508661401419,2.886132838728046,-0.399375822673373,-12.155677060459219,0.5,0.5,0.0001
oil,0.2623,0.0025,0.2598,3.2687625859320635,2.871923457296828,-0.3968391286352353,-12.14034724770565,0.5,0.5,0.0001
oil,0.2652,0.0025,0.2627,3.252063222327314,2.857748872540627,-0.3943143497866872,-12.12505178495574,0.5,0.5,0.0001
oil,0.2681,0.0025,0.2656,3.2354103754107606,2.8436089567978855,-0.3918014186128751,-12.109790510365562,0.5,0.5,0.0001
oil,0.271,0.0025,0.2685,3.2188038510918218,2.829503583030763,-0.38930026806105866,-12.094563262343792,0.5,0.5,0.0001
oil,0.2739,0.0025,0.2714,3.2022434563582043,2.81543262482134,-0.38681083153686435,-12.079369879539714,0.5,0.5,0.0001
oil,0.2768,0.0025,0.2743,3.1857289992684272,2.8013959563678346,-0.38433304290059267,-12.06421020083162,0.5,0.5,0.0001
oil,0.2797,0.0025,0.2772,3.1692602889444057,2.7873934524808552,-0.38186683646355046,-12.04908406531481,0.5,0.5,0.0001
oil,0.28259999999999996,0.0025,0.28009999999999996,3.152837135564097,2.773424988579681,-0.37941214698441605,-12.033991312289357,0.5,0.5,0.0001
oil,0.2855,0.0025,0.283,3.1364593503542038,2.7594904406885643,-0.37696890966563945,-12.018931781247792,0.5,0.5,0.0001
oil,0.2884,0.0025,0.2859,3.1201267455829482,2.745589685433064,-0.3745370601498843,-12.003905311862827,0.5,0.5,0.0001
oil,0.2913,0.0025,0.2888,3.103839134552893,2.731722600036406,-0.3721165345164872,-11.988911743974464,0.5,0.5,0.0001
oil,0.2942,0.0025,0.2917,3.087596331593831,2.7178890623158636,-0.3697072692779675,-11.973950917577458,0.5,0.5,0.0001
oil,0.2971,0.0025,0.2946,3.0713981520557283,2.7040889506791763,-0.367309201376552,-11.959022672808048,0.5,0.5,0.0001
oil,0.3,0.0025,0.2975,3.0552444123017266,2.690322144120978,-0.3649222681807487,-11.944126849931052,0.5,0.5,0.0001
brine,0.01,0.0025,0.0075,4.935898716745213,4.260793676504604,-0.6751050402406094,-13.67744921406696,0.5,0.5,0.0001
brine,0.0129,0.0025,0.0104,4.91741985662782,4.245624084878257,-0.6717957717495633,-13.661549986302276,0.5,0.5,0.0001
brine,0.0158,0.0025,0.013300000000000001,4.898990322778217,4.23048944710036,-0.6685008756778572,-13.645686797330729,0.5,0.5,0.0001
brine,0.0187,0.0025,0.016200000000000003,4.880609917957155,4.215389642498695,-0.6652202754584602,-13.629859518395952,0.5,0.5,0.0001
brine,0.0216,0.0025,0.019100000000000002,4.862278445975577,4.200324550955869,-0.6619538950197086,-13.614068021291462,0.5,0.5,0.0001
brine,0.0245,0.0025,0.022000000000000002,4.8439957116876355,4.1852940529061335,-0.658701658781502,-13.598312178356824,0.5,0.5,0.0001
brine,0.0274,0.0025,0.024900000000000002,4.825761520983771,4.170298029332223,-0.655463491651548,-13.582591862474102,0.5,0.5,0.0001
brine,0.0303,0.0025,0.027800000000000002,4.807575680783845,4.155336361762206,-0.6522393190216391,-13.566906947064338,0.5,0.5,0.0001
brine,0.0332,0.0025,0.0307,4.789437999030313,4.140408932266374,-0.6490290667639389,-13.551257306083587,0.5,0.5,0.0001
brine,0.0361,0.0025,0.0336,4.77134828468148,4.125515623454136,-0.6458326612273435,-13.535642814019756,0.5,0.5,0.0001
brine,0.039,0.0025,0.0365,4.753306347704778,4.110656318470949,-0.6426500292338293,-13.520063345888587,0.5,0.5,0.0001
brine,0.0419,0.0025,0.0394,4.735311999070125,4.095830900995252,-0.6394810980748726,-13.504518777230473,0.5,0.5,0.0001
brine,0.0448,0.0025,0.0423,4.71736505074331,4.0810392552354395,-0.6363257955078705,-13.489008984106611,0.5,0.5,0.0001
brine,0.0477,0.0025,0.0452,4.699465315679454,4.0662812659268415,-0.6331840497526127,-13.473533843095641,0.5,0.5,0.0001
brine,0.0506,0.0025,0.0481,4.681612607816507,4.05155681832873,-0.630055789487777,-13.458093231290094,0.5,0.5,0.0001
brine,0.0535,0.0025,0.051,4.663806742068801,4.03686579822135,-0.6269409438474511,-13.44268702629279,0.5,0.5,0.0001
brine,0.0564,0.0025,0.053899999999999997,4.646047534320657,4.022208091902961,-0.6238394424176965,-13.42731510621348,0.5,0.5,0.0001
brine,0.0593,0.0025,0.056799999999999996,4.628334801420035,4.007583586186904,-0.6207512152331311,-13.411977349665293,0.5,0.5,0.0001
brine,0.0622,0.0025,0.059699999999999996,4.610668361172237,3.9929921683986893,-0.6176761927735481,-13.396673635761287,0.5,0.5,0.0001
brine,0.06509999999999999,0.0025,0.06259999999999999,4.593048032333669,3.978433726373107,-0.6146143059605618,-13.38140384411099,0.5,0.5,0.0001
brine,0.06799999999999999,0.0025,0.06549999999999999,4.575473634605632,3.963908148451344,-0.6115654861542876,-13.366167854817057,0.5,0.5,0.0001
brine,0.07089999999999999,0.0025,0.06839999999999999,4.557944988628175,3.949415323478137,-0.608529665150038,-13.350965548471656,0.5,0.5,0.0001
brine,0.07379999999999999,0.0025,0.07129999999999999,4.540461915974001,3.934955140798932,-0.6055067751750691,-13.33579680615333,0.5,0.5,0.0001
brine,0.07669999999999999,0.0025,0.07419999999999999,4.523024239142401,3.920527490257072,-0.6024967488853292,-13.320661509423328,0.5,0.5,0.0001
brine,0.07959999999999999,0.0025,0.07709999999999999,4.505631781553258,3.906132262191,-0.5994995193622579,-13.305559540322406,0.5,0.5,0.0001
brine,0.08249999999999999,0.0025,0.07999999999999999,4.488284367541077,3.891769347431474,-0.596515020109603,-13.290490781367446,0.5,0.5,0.0001
brine,0.08539999999999999,0.0025,0.08289999999999999,4.470981822349076,3.8774386372988157,-0.5935431850502604,-13.275455115547972,0.5,0.5,0.0001
brine,0.08829999999999999,0.0025,0.08579999999999999,4.453723972123319,3.863140023600164,-0.5905839485231548,-13.260452426322978,0.5,0.5,0.0001
brine,0.09119999999999999,0.0025,0.08869999999999999,4.4365106439068915,3.848873398626756,-0.5876372452801357,-13.245482597617507,0.5,0.5,0.0001
brine,0.09409999999999999,0.0025,0.09159999999999999,4.419341665634118,3.834638655151218,-0.5847030104828996,-13.230545513819248,0.5,0.5,0.0001
brine,0.09699999999999999,0.0025,0.09449999999999999,4.402216866124835,3.8204356864248825,-0.5817811796999526,-13.215641059775423,0.5,0.5,0.0001
brine,0.09989999999999999,0.0025,0.09739999999999999,4.3851360750787,3.806264386175118,-0.5788716889035816,-13.200769120789317,0.5,0.5,0.0001
brine,0.10279999999999999,0.0025,0.10029999999999999,4.3680991230695465,3.792124648602682,-0.5759744744668645,-13.185929582617076,0.5,0.5,0.0001
brine,0.10569999999999999,0.0025,0.10319999999999999,4.35110584153978,3.778016368379082,-0.5730894731606977,-13.171122331464394,0.5,0.5,0.0001
brine,0.10859999999999999,0.0025,0.10609999999999999,4.334156062794819,3.763939440643964,-0.5702166221508551,-13.15634725398326,0.5,0.5,0.0001
brine,0.11149999999999999,0.0025,0.10899999999999999,4.317249619997586,3.7498937610025154,-0.5673558589950707,-13.141604237268725,0.5,0.5,0.0001
brine,0.11439999999999999,0.0025,0.11189999999999999,4.300386347163021,3.7358792255228805,-0.56450712164014,-13.126893168855569,0.5,0.5,0.0001
brine,0.11729999999999999,0.0025,0.11479999999999999,4.283566079152661,3.721895730733604,-0.561670348419057,-13.11221393671513,0.5,0.5,0.0001
brine,0.12019999999999999,0.0025,0.11769999999999999,4.266788651669243,3.7079431736210733,-0.5588454780481698,-13.097566429252115,0.5,0.5,0.0001
brine,0.12309999999999999,0.0025,0.12059999999999998,4.250053901251355,3.6940214516270014,-0.5560324496243534,-13.082950535301194,0.5,0.5,0.0001
brine,0.126,0.0025,0.1235,4.233361665268131,3.6801304626459035,-0.5532312026222272,-13.068366144124067,0.5,0.5,0.0001
brine,0.1289,0.0025,0.12639999999999998,4.21671178191398,3.666270105022609,-0.5504416768913707,-13.053813145406,0.5,0.5,0.0001
brine,0.1318,0.0025,0.1293,4.200104090203356,3.6524402775497777,-0.5476638126535787,-13.039291429252707,0.5,0.5,0.0001
brine,0.1347,0.0025,0.13219999999999998,4.183538429965574,3.6386408794654335,-0.5448975505001403,-13.024800886187252,0.5,0.5,0.0001
brine,0.1376,0.0025,0.1351,4.167014641839653,3.6248718104505238,-0.5421428313891297,-13.010341407146688,0.5,0.5,0.0001
brine,0.1405,0.0025,0.138,4.150532567269221,3.6111329706264845,-0.5393995966427365,-12.995912883479098,0.5,0.5,0.0001
brine,0.1434,0.0025,0.1409,4.1340920484974255,3.5974242605528257,-0.5366677879445998,-12.981515206940221,0.5,0.5,0.0001
brine,0.14629999999999999,0.0025,0.14379999999999998,4.117692928561909,3.583745581224733,-0.5339473473371759,-12.96714826969031,0.5,0.5,0.0001
brine,0.1492,0.0025,0.1467,4.1013350512898175,3.570096834070683,-0.5312382172191343,-12.952811964291156,0.5,0.5,0.0001
brine,0.1521,0.0025,0.1496,4.085018261292834,3.5564779209500763,-0.528540340342758,-12.938506183702703,0.5,0.5,0.0001
brine,0.155,0.0025,0.1525,4.068742403962266,3.5428887441508867,-0.525853659811379,-12.924230821279975,0.5,0.5,0.0001
brine,0.15789999999999998,0.0025,0.15539999999999998,4.052507325464157,3.5293292063873207,-0.5231781190768365,-12.909985770770048,0.5,0.5,0.0001
brine,0.1608,0.0025,0.1583,4.036312872734442,3.515799210797499,-0.5205136619369428,-12.89577092630868,0.5,0.5,0.0001
brine,0.1637,0.0025,0.1612,4.020158893474138,3.502298660941149,-0.5178602325329886,-12.881586182417397,0.5,0.5,0.0001
brine,0.1666,0.0025,0.1641,4.004045236144567,3.4888274607973138,-0.5152177753472529,-12.867431434000185,0.5,0.5,0.0001
brine,0.16949999999999998,0.0025,0.16699999999999998,3.9879717499626226,3.4753855147620767,-0.5125862352005459,-12.85330657634047,0.5,0.5,0.0001
brine,0.1724,0.0025,0.1699,3.9719382848960576,3.461972727646294,-0.5099655572497634,-12.839211505097916,0.5,0.5,0.0001
brine,0.1753,0.0025,0.1728,3.955944691658827,3.448589004673358,-0.507355686985469,-12.825146116305334,0.5,0.5,0.0001
brine,0.1782,0.0025,0.1757,3.939990821706445,3.435234251476954,-0.5047565702294912,-12.811110306365551,0.5,0.5,0.0001
brine,0.18109999999999998,0.0025,0.17859999999999998,3.924076527231395,3.42190837409885,-0.502168153132545,-12.79710397204833,0.5,0.5,0.0001
brine,0.184,0.0025,0.1815,3.908201661158556,3.408611278986692,-0.4995903821718639,-12.783127010487075,0.5,0.5,0.0001
brine,0.1869,0.0025,0.1844,3.8923660771406787,3.395342872991809,-0.4970232041488698,-12.769179319176004,0.5,0.5,0.0001
brine,0.1898,0.0025,0.1873,3.8765696295538845,3.3821030633670466,-0.49446656618683793,-12.755260795966693,0.5,0.5,0.0001
brine,0.19269999999999998,0.0025,0.19019999999999998,3.860812173493204,3.3688917577645983,-0.4919204157286057,-12.741371339065262,0.5,0.5,0.0001
brine,0.1956,0.0025,0.1931,3.845093564768145,3.355708864233864,-0.48938470053428107,-12.727510847029036,0.5,0.5,0.0001
brine,0.1985,0.0025,0.196,3.8294136598982926,3.3425542912193142,-0.4868593686789784,-12.713679218763458,0.5,0.5,0.0001
brine,0.2014,0.0025,0.1989,3.813772316108948,3.3294279475583686,-0.4843443685505795,-12.69987635351914,0.5,0.5,0.0001
brine,0.20429999999999998,0.0025,0.20179999999999998,3.79816939132679,3.3163297424792946,-0.48183964884749564,-12.686102150888475,0.5,0.5,0.0001
brine,0.2072,0.0025,0.2047,3.7826047441755777,3.303259585599113,-0.47934515857646476,-12.672356510802677,0.5,0.5,0.0001
brine,0.2101,0.0025,0.2076,3.7670782339718785,3.2902173869215154,-0.476860847050363,-12.658639333528713,0.5,0.5,0.0001
brine,0.213,0.0025,0.2105,3.7515897207208257,3.2772030568348067,-0.474386663886019,-12.64495051966586,0.5,0.5,0.0001
brine,0.21589999999999998,0.0025,0.21339999999999998,3.7361390651119186,3.2642165061098427,-0.4719225590020759,-12.631289970142992,0.5,0.5,0.0001
brine,0.2188,0.0025,0.2163,3.7207261285148427,3.251257645898001,-0.4694684826168416,-12.617657586215131,0.5,0.5,0.0001
brine,0.2217,0.0025,0.2192,3.7053507729753177,3.238326387729146,-0.46702438524617174,-12.6040532694604,0.5,0.5,0.0001
brine,0.2246,0.0025,0.2221,3.6900128612109904,3.225422643509622,-0.4645902177013683,-12.590476921776874,0.5,0.5,0.0001
brine,0.22749999999999998,0.0025,0.22499999999999998,3.6747122566073442,3.2125463255202487,-0.4621659310870956,-12.576928445379489,0.5,0.5,0.0001
brine,0.2304,0.0025,0.2279,3.6594488232136433,3.1996973464143355,-0.45975147679930783,-12.563407742796763,0.5,0.5,0.0001
brine,0.2333,0.0025,0.2308,3.6442224257389064,3.186875619215705,-0.45734680652320137,-12.549914716867734,0.5,0.5,0.0001
brine,0.2362,0.0025,0.2337,3.6290329295479093,3.174081057316734,-0.45495187223117517,-12.536449270738673,0.5,0.5,0.0001
brine,0.23909999999999998,0.0025,0.23659999999999998,3.6138802006572175,3.161313574476397,-0.45256662618082055,-12.523011307860097,0.5,0.5,0.0001
brine,0.242,0.0025,0.2395,3.5987641057312465,3.1485730848183353,-0.4501910209129112,-12.509600731983381,0.5,0.5,0.0001
brine,0.2449,0.0025,0.2424,3.5836845120783494,3.1358595028289282,-0.44782500924942115,-12.496217447157647,0.5,0.5,0.0001
brine,0.2478,0.0025,0.2453,3.5686412876469356,3.1231727433553784,-0.44546854429155713,-12.482861357726625,0.5,0.5,0.0001
brine,0.2507,0.0025,0.24819999999999998,3.553634301021614,3.1105127216038144,-0.4431215794177996,-12.469532368325268,0.5,0.5,0.0001
brine,0.2536,0.0025,0.2511,3.5386634214193737,3.0978793531374,-0.4407840682819737,-12.456230383876782,0.5,0.5,0.0001
brine,0.2565,0.0025,0.254,3.523728518685773,3.085272553874456,-0.4384559648113173,-12.442955309589117,0.5,0.5,0.0001
brine,0.25939999999999996,0.0025,0.25689999999999996,3.5088294632911765,3.0726922400865937,-0.4361372232045828,-12.429707050951949,0.5,0.5,0.0001
brine,0.2623,0.0025,0.2598,3.493966126327008,3.0601383283968673,-0.4338277979301406,-12.416485513733274,0.5,0.5,0.0001
brine,0.2652,0.0025,0.2627,3.479138379502031,3.0476107357779254,-0.43152764372410557,-12.40329060397621,0.5,0.5,0.0001
brine,0.2681,0.0025,0.2656,3.46434609513866,3.035109379550182,-0.4292367155884782,-12.390122227995759,0.5,0.5,0.0001
brine,0.271,0.0025,0.2685,3.4495891461692954,3.0226341773800005,-0.42695496878929484,-12.376980292375409,0.5,0.5,0.0001
brine,0.2739,0.0025,0.2714,3.4348674061326823,3.0101850472778846,-0.42468235885479766,-12.36386470396386,0.5,0.5,0.0001
brine,0.2768,0.0025,0.2743,3.420180749170303,2.9977619075966797,-0.4224188415736232,-12.350775369871819,0.5,0.5,0.0001
brine,0.2797,0.0025,0.2772,3.4055290500227833,2.985364677029791,-0.42016437299299225,-12.337712197468447,0.5,0.5,0.0001
brine,0.28259999999999996,0.0025,0.28009999999999996,3.390912184026341,2.9729932746094114,-0.41791890941692955,-12.324675094378177,0.5,0.5,0.0001
brine,0.2855,0.0025,0.283,3.3763300271092413,2.9606476197047518,-0.4156824074044896,-12.311663968477337,0.5,0.5,0.0001
brine,0.2884,0.0025,0.2859,3.3617824557882905,2.948327632020297,-0.4134548237679936,-12.298678727890627,0.5,0.5,0.0001
brine,0.2913,0.0025,0.2888,3.3472693471653505,2.936033231594059,-0.41123611557129136,-12.285719280987903,0.5,0.5,0.0001
brine,0.2942,0.0025,0.2917,3.3327905789238774,2.9237643387958543,-0.40902624012802313,-12.272785536380548,0.5,0.5,0.0001
brine,0.2971,0.0025,0.2946,3.3183460293254847,2.911520874325576,-0.4068251549999089,-12.259877402918214,0.5,0.5,0.0001
brine,0.3,0.0025,0.2975,3.303935577206532,2.8993027592114897,-0.40463281799504225,-12.24699478968528,0.5,0.5,0.0001
