sample,porosity,model,state,alpha_fit,measured,predicted,error,ape_pct,signed_pct
113480.0,0.045249,GSA,dry,0.05666441691476886,2.4728875000000006,2.4728899426839885,2.4426839879687634e-06,9.877861358305879e-05,9.877861358305879e-05
113480.0,0.045249,GSA,oil,0.05666441691476886,2.668884574253278,2.5840486732326937,-0.08483590102058436,3.1787025126150477,-3.1787025126150477
113480.0,0.045249,GSA,brine_avg,0.05666441691476886,2.8530916666666664,2.7800681898987905,-0.0730234767678759,2.55945077478674,-2.55945077478674
113480.0,0.045249,SCA,dry,0.06386482684796346,2.4728875000000006,2.472887645142705,1.4514270452181677e-07,5.869361405313292e-06,5.869361405313292e-06
113480.0,0.045249,SCA,oil,0.06386482684796346,2.668884574253278,2.583547370525208,-0.08533720372806997,3.1974857418457785,-3.1974857418457785
113480.0,0.045249,SCA,brine_avg,0.06386482684796346,2.8530916666666664,2.7796903070979564,-0.07340135956870997,2.572695452665441,-2.572695452665441
113480.0,0.045249,BRUGGEMAN,dry,,2.4728875000000006,2.7803314905197474,0.3074439905197468,12.43259107095437,12.43259107095437
113480.0,0.045249,BRUGGEMAN,oil,,2.668884574253278,2.790963090955654,0.12207851670237613,4.574139993916082,4.574139993916082
113480.0,0.045249,BRUGGEMAN,brine_avg,,2.8530916666666664,2.83392464506593,-0.019167021600736245,0.6717983100462217,-0.6717983100462217
113532.0,0.06473371285951457,GSA,dry,0.0785681403797011,2.4045750000000004,2.404576854037716,1.8540377157982846e-06,7.710459086525828e-05,7.710459086525828e-05
113532.0,0.06473371285951457,GSA,oil,0.0785681403797011,2.600887636781521,2.5016431966233426,-0.09924444015817846,3.8157911458639138,-3.8157911458639138
113532.0,0.06473371285951457,GSA,brine_avg,0.0785681403797011,2.794646875,2.7106405869007304,-0.0840062880992698,3.0059714825068835,-3.0059714825068835
113532.0,0.06473371285951457,SCA,dry,0.08924886172458077,2.4045750000000004,2.4045770846652226,2.084665222223947e-06,8.669578708187297e-05,8.669578708187297e-05
113532.0,0.06473371285951457,SCA,oil,0.08924886172458077,2.600887636781521,2.501076409077493,-0.09981122770402795,3.8375832270685772,-3.8375832270685772
113532.0,0.06473371285951457,SCA,brine_avg,0.08924886172458077,2.794646875,2.7100953918184714,-0.08455148318152883,3.0254800324827738,-3.0254800324827738
113532.0,0.06473371285951457,BRUGGEMAN,dry,,2.4045750000000004,2.694392824874252,0.2898178248742518,12.052767115779368,12.052767115779368
113532.0,0.06473371285951457,BRUGGEMAN,oil,,2.600887636781521,2.709746089772996,0.10885845299147512,4.185434674378415,4.185434674378415
113532.0,0.06473371285951457,BRUGGEMAN,brine_avg,,2.794646875,2.771472815071999,-0.023174059928001256,0.8292303451755869,-0.8292303451755869
113536.0,0.1502428813868614,GSA,dry,0.07975437634955759,1.85855,1.8585521295405227,2.129540522810558e-06,0.000114580749660249,0.000114580749660249
113536.0,0.1502428813868614,GSA,oil,0.07975437634955759,2.23458197098924,2.0154587202683634,-0.21912325072087668,9.806006383550644,-9.806006383550644
113536.0,0.1502428813868614,GSA,brine_avg,0.07975437634955759,2.5896906250000002,2.3959116591517313,-0.19377896584826892,7.482707161140876,-7.482707161140876
113536.0,0.1502428813868614,SCA,dry,0.10596248876070946,1.85855,1.858550076365922,7.636592203041914e-08,4.108897905916932e-06,4.108897905916932e-06
113536.0,0.1502428813868614,SCA,oil,0.10596248876070946,2.23458197098924,2.0133557847733705,-0.22122618621586954,9.90011505901185,-9.90011505901185
113536.0,0.1502428813868614,SCA,brine_avg,0.10596248876070946,2.5896906250000002,2.3935529855522417,-0.19613763944775853,7.573786519297397,-7.573786519297397
113536.0,0.1502428813868614,BRUGGEMAN,dry,,1.85855,2.317620944377673,0.45907094437767326,24.700489326500406,24.700489326500406
113536.0,0.1502428813868614,BRUGGEMAN,oil,,2.23458197098924,2.354963488088436,0.12038151709919598,5.387205242952157,5.387205242952157
113536.0,0.1502428813868614,BRUGGEMAN,brine_avg,,2.5896906250000002,2.5010786849056075,-0.08861194009439277,3.421719152047081,-3.421719152047081
113541.0,0.1419265364023713,GSA,dry,0.07352012846648061,1.867175,1.867176584347419,1.5843474190369022e-06,8.485264739710537e-05,8.485264739710537e-05
113541.0,0.1419265364023713,GSA,oil,0.07352012846648061,2.2868730488364504,2.0331452690914555,-0.25372777974499483,11.094965672628406,-11.094965672628406
113541.0,0.1419265364023713,GSA,brine_avg,0.07352012846648061,2.66701875,2.419372611066193,-0.24764613893380716,9.285504233286968,-9.285504233286968
113541.0,0.1419265364023713,SCA,dry,0.09799001800823975,1.867175,1.8671748660421994,-1.3395780062985807e-07,7.174357016876193e-06,-7.174357016876193e-06
113541.0,0.1419265364023713,SCA,oil,0.09799001800823975,2.2868730488364504,2.030962613674672,-0.25591043516177825,11.19040846154465,-11.19040846154465
113541.0,0.1419265364023713,SCA,brine_avg,0.09799001800823975,2.66701875,2.4170469903659106,-0.24997175963408935,9.372703496519826,-9.372703496519826
113541.0,0.1419265364023713,BRUGGEMAN,dry,,1.867175,2.35423318914262,0.48705818914262,26.085299403784862,26.085299403784862
113541.0,0.1419265364023713,BRUGGEMAN,oil,,2.2868730488364504,2.3893327162113036,0.10245966737485324,4.4803391000206245,4.4803391000206245
113541.0,0.1419265364023713,BRUGGEMAN,brine_avg,,2.66701875,2.5270889915044688,-0.13992975849553124,5.246673218759007,-5.246673218759007
113556.0,0.09432965948473461,GSA,dry,0.0662995724211108,2.1235625000000002,2.1235633218033705,8.218033702434013e-07,3.869927869998652e-05,3.869927869998652e-05
113556.0,0.09432965948473461,GSA,oil,0.0662995724211108,2.4008624999999997,2.274247861392504,-0.12661463860749578,5.273714700758406,-5.273714700758406
113556.0,0.09432965948473461,GSA,brine_avg,0.0662995724211108,2.706496875,2.5881596817369403,-0.11833719326305969,4.3723380712589845,-4.3723380712589845
113556.0,0.09432965948473461,SCA,dry,0.08194993605837791,2.1235625000000002,2.1235628876123855,3.876123852997182e-07,1.825293040820405e-05,1.825293040820405e-05
113556.0,0.09432965948473461,SCA,oil,0.08194993605837791,2.4008624999999997,2.2728777455373956,-0.12798475446260404,5.330782352700501,-5.330782352700501
113556.0,0.09432965948473461,SCA,brine_avg,0.08194993605837791,2.706496875,2.586890316385364,-0.11960655861463598,4.419238748045331,-4.419238748045331
113556.0,0.09432965948473461,BRUGGEMAN,dry,,2.1235625000000002,2.563912362046402,0.4403498620464017,20.736373996357614,20.736373996357614
113556.0,0.09432965948473461,BRUGGEMAN,oil,,2.4008624999999997,2.586625906351364,0.18576340635136424,7.737361317083518,7.737361317083518
113556.0,0.09432965948473461,BRUGGEMAN,brine_avg,,2.706496875,2.67717696189804,-0.029319913101959916,1.083315978406955,-1.083315978406955
113566.0,0.09294072678275303,GSA,dry,0.08850039773988014,2.244775,2.244776304299928,1.3042999276180467e-06,5.8103815643797114e-05,5.8103815643797114e-05
113566.0,0.09294072678275303,GSA,oil,0.08850039773988014,2.456699651526272,2.352802527307538,-0.10389712421873387,4.2291341619308565,-4.2291341619308565
113566.0,0.09294072678275303,GSA,brine_avg,0.08850039773988014,2.7275062500000002,2.60785051919474,-0.11965573080526015,4.387001159218614,-4.387001159218614
113566.0,0.09294072678275303,SCA,dry,0.10425851130525779,2.244775,2.244777471000068,2.47100006767198e-06,0.00011007785046037931,0.00011007785046037931
113566.0,0.09294072678275303,SCA,oil,0.10425851130525779,2.456699651526272,2.351947469376718,-0.10475218214955406,4.263939309165235,-4.263939309165235
113566.0,0.09294072678275303,SCA,brine_avg,0.10425851130525779,2.7275062500000002,2.6069262036894076,-0.1205800463105926,4.420889826030375,-4.420889826030375
113566.0,0.09294072678275303,BRUGGEMAN,dry,,2.244775,2.5700341990877544,0.32525919908775425,14.489612504048477,14.489612504048477
113566.0,0.09294072678275303,BRUGGEMAN,oil,,2.456699651526272,2.592396890285476,0.13569723875920392,5.5235583509322925,5.5235583509322925
113566.0,0.09294072678275303,BRUGGEMAN,brine_avg,,2.7275062500000002,2.6815863564826827,-0.04591989351731751,1.6835852719793956,-1.6835852719793956
113572.0,0.0882413294197936,GSA,dry,0.08631537829714603,2.26715,2.267151507008899,1.5070088990043473e-06,6.647151264823004e-05,6.647151264823004e-05
113572.0,0.0882413294197936,GSA,oil,0.08631537829714603,2.52625,2.374637713976577,-0.15161228602342325,6.001475943529866,-6.001475943529866
113572.0,0.0882413294197936,GSA,brine_avg,0.08631537829714603,2.74761875,2.6241823378585294,-0.12343641214147061,4.492486890383559,-4.492486890383559
113572.0,0.0882413294197936,SCA,dry,0.10120182478081781,2.26715,2.2671520336524607,2.0336524606534567e-06,8.970083411567196e-05,8.970083411567196e-05
113572.0,0.0882413294197936,SCA,oil,0.10120182478081781,2.52625,2.373818812401554,-0.1524311875984461,6.033891641699993,-6.033891641699993
113572.0,0.0882413294197936,SCA,brine_avg,0.10120182478081781,2.74761875,2.62331603366684,-0.12430271633316003,4.52401616247378,-4.52401616247378
113572.0,0.0882413294197936,BRUGGEMAN,dry,,2.26715,2.59074839211692,0.3235983921169199,14.273356068937648,14.273356068937648
113572.0,0.0882413294197936,BRUGGEMAN,oil,,2.52625,2.611928091879706,0.08567809187970576,3.391512790883949,3.391512790883949
113572.0,0.0882413294197936,BRUGGEMAN,brine_avg,,2.74761875,2.6965172227435437,-0.051101527256456336,1.8598478139100025,-1.8598478139100025
113577.0,0.07476560681237662,GSA,dry,0.07158956549382131,2.29725,2.2972502611418943,2.611418943310184e-07,1.1367587085907866e-05,1.1367587085907866e-05
113577.0,0.07476560681237662,GSA,oil,0.07158956549382131,2.5712816742530693,2.4170013328123034,-0.15428034144076586,6.000133823750861,-6.000133823750861
113577.0,0.07476560681237662,GSA,brine_avg,0.07158956549382131,2.817765625,2.6674827180280842,-0.1502829069719156,5.333406924925334,-5.333406924925334
113577.0,0.07476560681237662,SCA,dry,0.0839124436364957,2.29725,2.2972511207341757,1.1207341756858114e-06,4.878590382787295e-05,4.878590382787295e-05
113577.0,0.07476560681237662,SCA,oil,0.0839124436364957,2.5712816742530693,2.416163507745431,-0.1551181665076382,6.032717771097499,-6.032717771097499
113577.0,0.07476560681237662,SCA,brine_avg,0.0839124436364957,2.817765625,2.6667037653718997,-0.15106185962810015,5.361051263023345,-5.361051263023345
113577.0,0.07476560681237662,BRUGGEMAN,dry,,2.29725,2.6501572176846175,0.3529072176846175,15.362159873092503,15.362159873092503
113577.0,0.07476560681237662,BRUGGEMAN,oil,,2.5712816742530693,2.66797880698259,0.09669713272952052,3.7606588845467517,3.7606588845467517
113577.0,0.07476560681237662,BRUGGEMAN,brine_avg,,2.817765625,2.7394318275688883,-0.07833379743111157,2.779996914438602,-2.779996914438602
113603.0,0.06812695477572067,GSA,dry,0.07041259839357857,2.3427999999999995,2.3428015090193406,1.5090193410394193e-06,6.441093311590489e-05,6.441093311590489e-05
113603.0,0.06812695477572067,GSA,oil,0.07041259839357857,2.7211499999999997,2.457505936937394,-0.26364406306260557,9.68870011071075,-9.68870011071075
113603.0,0.06812695477572067,GSA,brine_avg,0.07041259839357857,2.9658249999999997,2.693044111791967,-0.2727808882080329,9.197470795074993,-9.197470795074993
113603.0,0.06812695477572067,SCA,dry,0.08158045301163148,2.3427999999999995,2.342799813544805,-1.8645519439530744e-07,7.95864753266636e-06,-7.95864753266636e-06
113603.0,0.06812695477572067,SCA,oil,0.08158045301163148,2.7211499999999997,2.4567693548501675,-0.2643806451498323,9.715768889985203,-9.715768889985203
113603.0,0.06812695477572067,SCA,brine_avg,0.08158045301163148,2.9658249999999997,2.6923759926888335,-0.27344900731116617,9.219998054880723,-9.219998054880723
113603.0,0.06812695477572067,BRUGGEMAN,dry,,2.3427999999999995,2.679429486166996,0.3366294861669963,14.368682182303072,14.368682182303072
113603.0,0.06812695477572067,BRUGGEMAN,oil,,2.7211499999999997,2.695614718390474,-0.025535281609525562,0.9384003678417421,-0.9384003678417421
113603.0,0.06812695477572067,BRUGGEMAN,brine_avg,,2.9658249999999997,2.760626326100678,-0.2051986738993219,6.9187721426355875,-6.9187721426355875
113619.0,0.08326069547301873,GSA,dry,0.07519263589067139,2.252275,2.252276590197015,1.5901970149556632e-06,7.060403436328437e-05,7.060403436328437e-05
113619.0,0.08326069547301873,GSA,oil,0.07519263589067139,2.5288521096787857,2.373612969180974,-0.1552391404978115,6.1387196152617225,-6.1387196152617225
113619.0,0.08326069547301873,GSA,brine_avg,0.07519263589067139,2.768703125,2.6365971970111612,-0.1321059279888388,4.771400978168751,-4.771400978168751
113619.0,0.08326069547301873,SCA,dry,0.08904076119261407,2.252275,2.2522766338959586,1.6338959585304735e-06,7.254424786184962e-05,7.254424786184962e-05
113619.0,0.08326069547301873,SCA,oil,0.08904076119261407,2.5288521096787857,2.3726842628441203,-0.15616784683466545,6.17544403790785,-6.17544403790785
113619.0,0.08326069547301873,SCA,brine_avg,0.08904076119261407,2.768703125,2.63569512335154,-0.13300800164845983,4.803982068263813,-4.803982068263813
113619.0,0.08326069547301873,BRUGGEMAN,dry,,2.252275,2.6127042259941877,0.3604292259941877,16.002896004892282,16.002896004892282
113619.0,0.08326069547301873,BRUGGEMAN,oil,,2.5288521096787857,2.6326369462212753,0.1037848365424896,4.10402949801886,4.10402949801886
113619.0,0.08326069547301873,BRUGGEMAN,brine_avg,,2.768703125,2.7123614108976595,-0.05634171410234057,2.0349496337690796,-2.0349496337690796
113622.0,0.08011973979984602,GSA,dry,0.08455531212179532,2.31575,2.3157506356782136,6.35678213622981e-07,2.7450208944099364e-05,2.7450208944099364e-05
113622.0,0.08011973979984602,GSA,oil,0.08455531212179532,2.6211870716673373,2.4189843444593064,-0.2022027272080309,7.714166203307639,-7.714166203307639
113622.0,0.08011973979984602,GSA,brine_avg,0.08455531212179532,2.8395343749999995,2.653983380357526,-0.18555099464247338,6.534557083587813,-6.534557083587813
113622.0,0.08011973979984602,SCA,dry,0.09798106554163073,2.31575,2.3157523474171966,2.347417196624235e-06,0.00010136747043611078,0.00010136747043611078
113622.0,0.08011973979984602,SCA,oil,0.09798106554163073,2.6211870716673373,2.4182634091405344,-0.20292366252680294,7.741670356924322,-7.741670356924322
113622.0,0.08011973979984602,SCA,brine_avg,0.09798106554163073,2.8395343749999995,2.653238952013967,-0.1862954229860323,6.560773647476352,-6.560773647476352
113622.0,0.08011973979984602,BRUGGEMAN,dry,,2.31575,2.626551348055255,0.31080134805525494,13.421196072773615,13.421196072773615
113622.0,0.08011973979984602,BRUGGEMAN,oil,,2.6211870716673373,2.645701216978256,0.024514145310918778,0.9352306661319418,0.9352306661319418
113622.0,0.08011973979984602,BRUGGEMAN,brine_avg,,2.8395343749999995,2.722363633273887,-0.1171707417261123,4.126406877046957,-4.126406877046957
113704.0,0.1753453832771655,GSA,dry,0.07649558994396405,1.7076124999999998,1.707614570246329,2.070246329255454e-06,0.00012123630678830555,0.00012123630678830555
113704.0,0.1753453832771655,GSA,oil,0.07649558994396405,2.05415,1.881066852545637,-0.17308314745436282,8.426022805265577,-8.426022805265577
113704.0,0.1753453832771655,GSA,brine_avg,0.07649558994396405,2.45671875,2.307684191971352,-0.14903455802864762,6.066406992198339,-6.066406992198339
113704.0,0.1753453832771655,SCA,dry,0.10750301820249114,1.7076124999999998,1.7076146670057857,2.1670057859246583e-06,0.00012690266591071795,0.00012690266591071795
113704.0,0.1753453832771655,SCA,oil,0.10750301820249114,2.05415,1.8783131339745174,-0.17583686602548254,8.5600791580694,-8.5600791580694
113704.0,0.1753453832771655,SCA,brine_avg,0.10750301820249114,2.45671875,2.3045319236031676,-0.15218682639683223,6.19471913082571,-6.19471913082571
113704.0,0.1753453832771655,BRUGGEMAN,dry,,1.7076124999999998,2.207158491727935,0.49954599172793523,29.254060375403395,29.254060375403395
113704.0,0.1753453832771655,BRUGGEMAN,oil,,2.05415,2.2514325966338555,0.1972825966338556,9.60409885518855,9.60409885518855
113704.0,0.1753453832771655,BRUGGEMAN,brine_avg,,2.45671875,2.4229835766875847,-0.033735173312415156,1.3731801132064938,-1.3731801132064938
113724.0,0.07992399227956115,GSA,dry,0.08746020600723745,2.3283000000000005,2.3282990803994315,-9.196005690270681e-07,3.949665288094609e-05,-3.949665288094609e-05
113724.0,0.07992399227956115,GSA,oil,0.08746020600723745,2.4123875,2.4273552691233173,0.014967769123317431,0.6204545962585792,0.6204545962585792
113724.0,0.07992399227956115,GSA,brine_avg,0.08746020600723745,2.7114312499999995,2.6562667458684155,-0.055164504131584025,2.0345160561081546,-2.0345160561081546
113724.0,0.07992399227956115,SCA,dry,0.10088840359696151,2.3283000000000005,2.328298088271562,-1.911728438663829e-06,8.21083382151711e-05,-8.21083382151711e-05
113724.0,0.07992399227956115,SCA,oil,0.10088840359696151,2.4123875,2.4266748980621986,0.014287398062198697,0.5922513718131394,0.5922513718131394
113724.0,0.07992399227956115,SCA,brine_avg,0.10088840359696151,2.7114312499999995,2.65555241605321,-0.05587883394678972,2.060861176059313,-2.060861176059313
113724.0,0.07992399227956115,BRUGGEMAN,dry,,2.3283000000000005,2.6274143407304003,0.2991143407303998,12.846898626912326,12.846898626912326
113724.0,0.07992399227956115,BRUGGEMAN,oil,,2.4123875,2.646515511027802,0.2341280110278019,9.705240597864229,9.705240597864229
113724.0,0.07992399227956115,BRUGGEMAN,brine_avg,,2.7114312499999995,2.722987244653933,0.011555994653933421,0.4261953775864103,0.4261953775864103
113726.0,0.09789559467455616,GSA,dry,0.21864287555421708,2.3587375,2.455950470799049,0.097212970799049,4.121398451461809,4.121398451461809
113726.0,0.09789559467455616,GSA,oil,0.21864287555421708,2.497631302525579,2.497630668499415,-6.34026164014756e-07,2.538509840798501e-05,-2.538509840798501e-05
113726.0,0.09789559467455616,GSA,brine_avg,0.21864287555421708,2.770865625,2.637394704142605,-0.13347092085739476,4.816939502701246,-4.816939502701246
113726.0,0.09789559467455616,SCA,dry,0.23681983240266805,2.3587375,2.4561304119647707,0.09739291196477051,4.12902715816281,4.12902715816281
113726.0,0.09789559467455616,SCA,oil,0.23681983240266805,2.497631302525579,2.497630544049202,-7.584763768164748e-07,3.0367827951608043e-05,-3.0367827951608043e-05
113726.0,0.09789559467455616,SCA,brine_avg,0.23681983240266805,2.770865625,2.6372063247714626,-0.13365930022853734,4.823738077465858,-4.823738077465858
113726.0,0.09789559467455616,BRUGGEMAN,dry,,2.3587375,2.548195961611665,0.18945846161166502,8.032197801224807,8.032197801224807
113726.0,0.09789559467455616,BRUGGEMAN,oil,,2.497631302525579,2.571812854971821,0.07418155244624192,2.970076182630731,2.970076182630731
113726.0,0.09789559467455616,BRUGGEMAN,brine_avg,,2.770865625,2.6658637047822324,-0.10500192021776744,3.7894988219707493,-3.7894988219707493
113728.0,0.2358372317110681,GSA,dry,0.07662637658294001,1.4346,1.434602459183037,2.459183036984669e-06,0.00017141942262544744,0.00017141942262544744
113728.0,0.2358372317110681,GSA,oil,0.07662637658294001,1.7373784115253965,1.6220199898593137,-0.11535842166608279,6.639798267367644,-6.639798267367644
113728.0,0.2358372317110681,GSA,brine_avg,0.07662637658294001,2.244778125,2.114682119425783,-0.13009600557421663,5.795495070329797,-5.795495070329797
113728.0,0.2358372317110681,SCA,dry,0.12013608368972933,1.4346,1.4346016803610815,1.6803610813909131e-06,0.00011713098294931778,0.00011713098294931778
113728.0,0.2358372317110681,SCA,oil,0.12013608368972933,1.7373784115253965,1.618080998668611,-0.11929741285678541,6.866518661990498,-6.866518661990498
113728.0,0.2358372317110681,SCA,brine_avg,0.12013608368972933,2.244778125,2.109762728510258,-0.13501539648974203,6.014643273029135,-6.014643273029135
113728.0,0.2358372317110681,BRUGGEMAN,dry,,1.4346,1.9413392553154916,0.5067392553154915,35.322686136588,35.322686136588
113728.0,0.2358372317110681,BRUGGEMAN,oil,,1.7373784115253965,2.0034777182588472,0.2660993067334507,15.316139821250504,15.316139821250504
113728.0,0.2358372317110681,BRUGGEMAN,brine_avg,,2.244778125,2.237596859795449,-0.0071812652045508685,0.3199097997514061,-0.3199097997514061
113735.0,0.09160330411903464,GSA,dry,0.48253332841927715,2.3656875,2.5742455086616713,0.2085580086616714,8.815957672417486,8.815957672417486
113735.0,0.09160330411903464,GSA,oil,0.48253332841927715,2.596562490472174,2.596562202770281,-2.87701892975889e-07,1.1080106642208006e-05,-1.1080106642208006e-05
113735.0,0.09160330411903464,GSA,brine_avg,0.48253332841927715,2.83653125,2.6852768361493466,-0.15125441385065352,5.332372553648176,-5.332372553648176
113735.0,0.09160330411903464,SCA,dry,0.49814266845920463,2.3656875,2.5742547405147715,0.2085672405147716,8.816347912172322,8.816347912172322
113735.0,0.09160330411903464,SCA,oil,0.49814266845920463,2.596562490472174,2.596562184455288,-3.060168860535839e-07,1.178546201666558e-05,-1.178546201666558e-05
113735.0,0.09160330411903464,SCA,brine_avg,0.49814266845920463,2.83653125,2.6852634347319757,-0.15126781526802446,5.332845011597332,-5.332845011597332
113735.0,0.09160330411903464,BRUGGEMAN,dry,,2.3656875,2.5759291559140634,0.2102416559140634,8.887127142281615,8.887127142281615
113735.0,0.09160330411903464,BRUGGEMAN,oil,,2.596562490472174,2.5979545315749952,0.0013920411028212065,0.05361092243799878,0.05361092243799878
113735.0,0.09160330411903464,BRUGGEMAN,brine_avg,,2.83653125,2.6858337399972783,-0.1506975100027219,5.312739283331425,-5.312739283331425
113754.0,0.1192694322660098,GSA,dry,0.0572653287215627,1.8863500000000002,1.8863496941779259,-3.058220743312745e-07,1.6212371740730748e-05,-1.6212371740730748e-05
113754.0,0.1192694322660098,GSA,oil,0.0572653287215627,2.2409375000000002,2.083740315145221,-0.15719718485477907,7.014795586881788,-7.014795586881788
113754.0,0.1192694322660098,GSA,brine_avg,0.0572653287215627,2.565471875,2.48639324496892,-0.07907863003108018,3.0824204623595874,-3.0824204623595874
113754.0,0.1192694322660098,SCA,dry,0.07717316817023095,1.8863500000000002,1.8863535896215629,3.5896215626607386e-06,0.00019029456689695647,0.00019029456689695647
113754.0,0.1192694322660098,SCA,oil,0.07717316817023095,2.2409375000000002,2.081362044028959,-0.15957545597104117,7.120923986993888,-7.120923986993888
113754.0,0.1192694322660098,SCA,brine_avg,0.07717316817023095,2.565471875,2.4842373788990315,-0.08123449610096856,3.1664543623565766,-3.1664543623565766
113754.0,0.1192694322660098,BRUGGEMAN,dry,,1.8863500000000002,2.454017432754297,0.567667432754297,30.09343084551101,30.09343084551101
113754.0,0.1192694322660098,BRUGGEMAN,oil,,2.2409375000000002,2.4831295774375666,0.24219207743756632,10.807623034447248,10.807623034447248
113754.0,0.1192694322660098,BRUGGEMAN,brine_avg,,2.565471875,2.598281676660775,0.03280980166077496,1.2788992925823817,1.2788992925823817
129473.0,0.117869102602222,GSA,dry,0.22272146787011335,2.235925,2.3638889130671825,0.12796391306718258,5.723086108307863,5.723086108307863
129473.0,0.117869102602222,GSA,oil,0.22272146787011335,2.4113402649754168,2.411339823758257,-4.412171596968051e-07,1.8297590186895636e-05,-1.8297590186895636e-05
129473.0,0.117869102602222,GSA,brine_avg,0.22272146787011335,2.690510416666667,2.572755652726743,-0.11775476393992435,4.376670062694399,-4.376670062694399
129473.0,0.117869102602222,SCA,dry,0.24487599218931363,2.235925,2.3641240199169022,0.1281990199169023,5.733601078609627,5.733601078609627
129473.0,0.117869102602222,SCA,oil,0.24487599218931363,2.4113402649754168,2.4113398833166237,-3.816587930138837e-07,1.5827662257270632e-05,-1.5827662257270632e-05
129473.0,0.117869102602222,SCA,brine_avg,0.24487599218931363,2.690510416666667,2.572503429443898,-0.11800698722276914,4.386044614128297,-4.386044614128297
129473.0,0.117869102602222,BRUGGEMAN,dry,,2.235925,2.4601863322761655,0.22426133227616551,10.029913001382674,10.029913001382674
129473.0,0.117869102602222,BRUGGEMAN,oil,,2.4113402649754168,2.488934066582003,0.07759380160658624,3.2178702746199654,3.2178702746199654
129473.0,0.117869102602222,BRUGGEMAN,brine_avg,,2.690510416666667,2.6026971350679045,-0.08781328159876267,3.2638149644317855,-3.2638149644317855
129498.0,0.136895751762234,GSA,dry,0.08427582850660222,1.9574,1.957401650385331,1.650385331064541e-06,8.431517988477271e-05,8.431517988477271e-05
129498.0,0.136895751762234,GSA,oil,0.08427582850660222,2.2367375000000003,2.0995555201967537,-0.13718197980324653,6.133128263966895,-6.133128263966895
129498.0,0.136895751762234,GSA,brine_avg,0.08427582850660222,2.4726510416666665,2.446110882804162,-0.026540158862504715,1.0733483380904236,-1.0733483380904236
129498.0,0.136895751762234,SCA,dry,0.10805090550661622,1.9574,1.9574029504598582,2.9504598582086317e-06,0.00015073361899502563,0.00015073361899502563
129498.0,0.136895751762234,SCA,oil,0.10805090550661622,2.2367375000000003,2.09786496083404,-0.13887253916596043,6.208709746492846,-6.208709746492846
129498.0,0.136895751762234,SCA,brine_avg,0.10805090550661622,2.4726510416666665,2.444202465106636,-0.028448576560030414,1.1505293743695806,-1.1505293743695806
129498.0,0.136895751762234,BRUGGEMAN,dry,,1.9574,2.376384652094541,0.41898465209454083,21.405162567412937,21.405162567412937
129498.0,0.136895751762234,BRUGGEMAN,oil,,2.2367375000000003,2.410139454659309,0.17340195465930863,7.752449925809739,7.752449925809739
129498.0,0.136895751762234,BRUGGEMAN,brine_avg,,2.4726510416666665,2.542855435916811,0.07020439425014446,2.8392358269375477,2.8392358269375477
129524.0,0.1474964002666242,GSA,dry,0.09214397915035165,1.9375625,1.9375665106112816,4.010611281524135e-06,0.0002069926147685112,0.0002069926147685112
129524.0,0.1474964002666242,GSA,oil,0.09214397915035165,2.2731444762936803,2.0721343229874676,-0.20101015330621275,8.84282347217789,-8.84282347217789
129524.0,0.1474964002666242,GSA,brine_avg,0.09214397915035165,2.609909375,2.415549589180215,-0.1943597858197852,7.446993665049584,-7.446993665049584
129524.0,0.1474964002666242,SCA,dry,0.1181240394951164,1.9375625,1.9375631311326262,6.311326261609906e-07,3.257353639745766e-05,3.257353639745766e-05
129524.0,0.1474964002666242,SCA,oil,0.1181240394951164,2.2731444762936803,2.0704927135268716,-0.20265176276680874,8.915041031497859,-8.915041031497859
129524.0,0.1474964002666242,SCA,brine_avg,0.1181240394951164,2.609909375,2.4135893278671907,-0.19632004713280926,7.522102070414198,-7.522102070414198
129524.0,0.1474964002666242,BRUGGEMAN,dry,,1.9375625,2.3297113113432513,0.3921488113432512,20.239285769788133,20.239285769788133
129524.0,0.1474964002666242,BRUGGEMAN,oil,,2.2731444762936803,2.366310285658055,0.09316580936437457,4.098543244214714,4.098543244214714
129524.0,0.1474964002666242,BRUGGEMAN,brine_avg,,2.609909375,2.509661228822335,-0.10024814617766475,3.8410585109938826,-3.8410585109938826
129552.0,0.1447440980724326,GSA,dry,0.07638048100184246,1.869,1.8690004323638927,4.3236389268841435e-07,2.3133434600771234e-05,2.3133434600771234e-05
129552.0,0.1447440980724326,GSA,oil,0.07638048100184246,2.2544596734705014,2.030155710740681,-0.22430396272982023,9.949344642059092,-9.949344642059092
129552.0,0.1447440980724326,GSA,brine_avg,0.07638048100184246,2.6011833333333336,2.412039605915339,-0.1891437274179948,7.271449305175008,-7.271449305175008
129552.0,0.1447440980724326,SCA,dry,0.10145494021885812,1.869,1.8690005650084338,5.650084338171268e-07,3.023052080348458e-05,3.023052080348458e-05
129552.0,0.1447440980724326,SCA,oil,0.10145494021885812,2.2544596734705014,2.0280321559230505,-0.22642751754745083,10.043538157366537,-10.043538157366537
129552.0,0.1447440980724326,SCA,brine_avg,0.10145494021885812,2.6011833333333336,2.4097242679068556,-0.19145906542647806,7.3604602556456244,-7.3604602556456244
129552.0,0.1447440980724326,BRUGGEMAN,dry,,1.869,2.3418281616074084,0.47282816160740837,25.298457014842608,25.298457014842608
129552.0,0.1447440980724326,BRUGGEMAN,oil,,2.2544596734705014,2.377684783663784,0.12322511019328264,5.4658378521178275,5.4658378521178275
129552.0,0.1447440980724326,BRUGGEMAN,brine_avg,,2.6011833333333336,2.5182692890432636,-0.08291404429006999,3.187550959117452,-3.187550959117452
129563.0,0.1588516934069688,GSA,dry,0.07972957776622766,1.8122,1.8122001817316449,1.8173164484380777e-07,1.0028233354144564e-05,1.0028233354144564e-05
129563.0,0.1588516934069688,GSA,oil,0.07972957776622766,2.166325,1.9728737354712313,-0.1934512645287687,8.929928082294609,-8.929928082294609
129563.0,0.1588516934069688,GSA,brine_avg,0.07972957776622766,2.5619833333333335,2.366359266449719,-0.19562406688361467,7.6356494727502,-7.6356494727502
129563.0,0.1588516934069688,SCA,dry,0.1075983135296858,1.8122,1.812202321204978,2.3212049780063637e-06,0.00012808768226500185,0.00012808768226500185
129563.0,0.1588516934069688,SCA,oil,0.1075983135296858,2.166325,1.9706027955848102,-0.19572220441518984,9.034757223186265,-9.034757223186265
129563.0,0.1588516934069688,SCA,brine_avg,0.1075983135296858,2.5619833333333335,2.3637760058950184,-0.19820732743831515,7.736479970790149,-7.736479970790149
129563.0,0.1588516934069688,BRUGGEMAN,dry,,1.8122,2.2797295266237736,0.46752952662377356,25.799002683135058,25.799002683135058
129563.0,0.1588516934069688,BRUGGEMAN,oil,,2.166325,2.31942122398937,0.15309622398936984,7.067093995100912,7.067093995100912
129563.0,0.1588516934069688,BRUGGEMAN,brine_avg,,2.5619833333333335,2.4742247539373956,-0.0877585793959379,3.42541570251971,-3.42541570251971
129688.0,0.0865773064992614,GSA,dry,0.07110019935028825,2.2072874999999996,2.2072885820100914,1.0820100917463549e-06,4.901989848383389e-05,4.901989848383389e-05
129688.0,0.0865773064992614,GSA,oil,0.07110019935028825,2.365288415656712,2.3398196106144007,-0.025468805042311526,1.0767737614459258,-1.0767737614459258
129688.0,0.0865773064992614,GSA,brine_avg,0.07110019935028825,2.615265625,2.6212532541529736,0.0059876291529734615,0.22894917807721582,0.22894917807721582
129688.0,0.0865773064992614,SCA,dry,0.08546840709107527,2.2072874999999996,2.207289809509084,2.3095090844194033e-06,0.00010463109515273401,0.00010463109515273401
129688.0,0.0865773064992614,SCA,oil,0.08546840709107527,2.365288415656712,2.3387422666647923,-0.02654614899191987,1.1223218621543642,-1.1223218621543642
129688.0,0.0865773064992614,SCA,brine_avg,0.08546840709107527,2.615265625,2.620231716707695,0.0049660917076947975,0.18988861629284012,0.18988861629284012
129688.0,0.0865773064992614,BRUGGEMAN,dry,,2.2072874999999996,2.5980835799632045,0.39079607996320487,17.70481099372895,17.70481099372895
129688.0,0.0865773064992614,BRUGGEMAN,oil,,2.365288415656712,2.618845893417667,0.2535574777609546,10.719939102671987,10.719939102671987
129688.0,0.0865773064992614,BRUGGEMAN,brine_avg,,2.615265625,2.7018084930830257,0.08654286808302558,3.309142568760126,3.309142568760126
129693.0,0.1065359216241736,GSA,dry,0.07216402703380637,2.075675,2.075675983588938,9.835889378528861e-07,4.7386461649963804e-05,4.7386461649963804e-05
129693.0,0.1065359216241736,GSA,oil,0.07216402703380637,2.2485923804021635,2.222711070038197,-0.02588131036396657,1.1510005365818088,-1.1510005365818088
129693.0,0.1065359216241736,GSA,brine_avg,0.07216402703380637,2.5449781249999996,2.546388096156609,0.0014099711566095685,0.05540209335235715,0.05540209335235715
129693.0,0.1065359216241736,SCA,dry,0.09009004668823942,2.075675,2.0756776953682383,2.695368238381235e-06,0.00012985502250502777,0.00012985502250502777
129693.0,0.1065359216241736,SCA,oil,0.09009004668823942,2.2485923804021635,2.2212477596386253,-0.027344620763538163,1.2160772669098676,-1.2160772669098676
129693.0,0.1065359216241736,SCA,brine_avg,0.09009004668823942,2.5449781249999996,2.544935263770212,-4.2861229787583e-05,0.0016841492414628515,-0.0016841492414628515
129693.0,0.1065359216241736,BRUGGEMAN,dry,,2.075675,2.510119458573358,0.434444458573358,20.930273697633687,20.930273697633687
129693.0,0.1065359216241736,BRUGGEMAN,oil,,2.2485923804021635,2.5359408429924253,0.2873484625902618,12.779037458931047,12.779037458931047
129693.0,0.1065359216241736,BRUGGEMAN,brine_avg,,2.5449781249999996,2.638496136046607,0.09351801104660717,3.6746096215112725,3.6746096215112725
129744.0,0.037313,GSA,dry,0.06864450336153091,2.598375,2.5983767741556467,1.7741556468386932e-06,6.827943029157428e-05,6.827943029157428e-05
129744.0,0.037313,GSA,oil,0.06864450336153091,2.7151500684998755,2.6735778632168707,-0.04157220528300476,1.53111998358063,-1.53111998358063
129744.0,0.037313,GSA,brine_avg,0.06864450336153091,2.829431944444444,2.818153575813073,-0.011278368631371105,0.3986089382187138,-0.3986089382187138
129744.0,0.037313,SCA,dry,0.07463470711230444,2.598375,2.598374770824879,-2.2917512065845358e-07,8.819940180245483e-06,-8.819940180245483e-06
129744.0,0.037313,SCA,oil,0.07463470711230444,2.7151500684998755,2.6733118591290133,-0.041838209370862245,1.5409170143578075,-1.5409170143578075
129744.0,0.037313,SCA,brine_avg,0.07463470711230444,2.829431944444444,2.817931967533389,-0.011499976911054866,0.40644119161922,-0.40644119161922
129744.0,0.037313,BRUGGEMAN,dry,,2.598375,2.8153412058228993,0.21696620582289938,8.350072865652548,8.350072865652548
129744.0,0.037313,BRUGGEMAN,oil,,2.7151500684998755,2.824075737069516,0.1089256685696407,4.011773412945175,4.011773412945175
129744.0,0.037313,BRUGGEMAN,brine_avg,,2.829431944444444,2.8594411002056104,0.030009155761166362,1.0606070882916616,1.0606070882916616
129750.0,0.0216235,GSA,dry,0.051611214163113366,2.7035125,2.7035123198913573,-1.8010864266670978e-07,6.66202366982619e-06,-6.66202366982619e-06
129750.0,0.0216235,GSA,oil,0.051611214163113366,2.8173837447981915,2.7722997184665608,-0.04508402633163078,1.6002089319522264,-1.6002089319522264
129750.0,0.0216235,GSA,brine_avg,0.051611214163113366,2.8942375000000005,2.8812098235109382,-0.013027676489062223,0.45012465248834,-0.45012465248834
129750.0,0.0216235,SCA,dry,0.054982422535944826,2.7035125,2.7035126258704603,1.2587046027690008e-07,4.6558120325650455e-06,4.6558120325650455e-06
129750.0,0.0216235,SCA,oil,0.054982422535944826,2.8173837447981915,2.7721514984085203,-0.04523224638967127,1.6054698431899712,-1.6054698431899712
129750.0,0.0216235,SCA,brine_avg,0.054982422535944826,2.8942375000000005,2.881111177107808,-0.013126322892192288,0.45353302526804684,-0.45353302526804684
129750.0,0.0216235,BRUGGEMAN,dry,,2.7035125,2.8845673844654436,0.1810548844654436,6.697024129366652,6.697024129366652
129750.0,0.0216235,BRUGGEMAN,oil,,2.8173837447981915,2.889593194814664,0.0722094500164725,2.5629966152035437,2.5629966152035437
129750.0,0.0216235,BRUGGEMAN,brine_avg,,2.8942375000000005,2.910018632748759,0.015781132748758697,0.5452604614776325,0.5452604614776325
129817.0,0.014711499999999999,GSA,dry,0.02397019273512207,2.659425,2.659424564319452,-4.356805480831838e-07,1.6382509304950647e-05,-1.6382509304950647e-05
129817.0,0.014711499999999999,GSA,oil,0.02397019273512207,2.8368898616877924,2.7849154519237334,-0.05197440976405909,1.8320912089670338,-1.8320912089670338
129817.0,0.014711499999999999,GSA,brine_avg,0.02397019273512207,2.949019444444444,2.9068901922877153,-0.042129252156728914,1.4285850924480934,-1.4285850924480934
129817.0,0.014711499999999999,SCA,dry,0.026170328691515234,2.659425,2.659424818259136,-1.8174086413580426e-07,6.8338405533453385e-06,-6.8338405533453385e-06
129817.0,0.014711499999999999,SCA,oil,0.026170328691515234,2.8368898616877924,2.784735928838403,-0.052153932849389406,1.838419374461041,-1.838419374461041
129817.0,0.014711499999999999,SCA,brine_avg,0.026170328691515234,2.949019444444444,2.9068184842247526,-0.04220096021969155,1.4310166824838162,-1.4310166824838162
129817.0,0.014711499999999999,BRUGGEMAN,dry,,2.659425,2.9150697014046543,0.2556447014046541,9.612781011107819,9.612781011107819
129817.0,0.014711499999999999,BRUGGEMAN,oil,,2.8368898616877924,2.918478536082983,0.08158867439519035,2.8759901995860213,2.8759901995860213
129817.0,0.014711499999999999,BRUGGEMAN,brine_avg,,2.949019444444444,2.932354415579111,-0.016665028865333387,0.5651040686329845,-0.5651040686329845
129822.0,0.06934715385806561,GSA,dry,0.09122256426320441,2.4153000000000002,2.4153019165961593,1.916596159112771e-06,7.935230236876458e-05,7.935230236876458e-05
129822.0,0.06934715385806561,GSA,oil,0.09122256426320441,2.605161460353123,2.500492926972977,-0.10466853338014603,4.017736903184438,-4.017736903184438
129822.0,0.06934715385806561,GSA,brine_avg,0.09122256426320441,2.830407291666667,2.6985427743485064,-0.1318645173181605,4.658853081194295,-4.658853081194295
129822.0,0.06934715385806561,SCA,dry,0.1028391763575825,2.4153000000000002,2.415300166837147,1.668371467644647e-07,6.907512390364124e-06,6.907512390364124e-06
129822.0,0.06934715385806561,SCA,oil,0.1028391763575825,2.605161460353123,2.499995119429789,-0.1051663409233341,4.036845413377145,-4.036845413377145
129822.0,0.06934715385806561,SCA,brine_avg,0.1028391763575825,2.830407291666667,2.6980173023163645,-0.13238998935030244,4.677418325627103,-4.677418325627103
129822.0,0.06934715385806561,BRUGGEMAN,dry,,2.4153000000000002,2.6740489269256456,0.25874892692564533,10.712910484231578,10.712910484231578
129822.0,0.06934715385806561,BRUGGEMAN,oil,,2.605161460353123,2.6905340590449636,0.08537259869184055,3.2770559518513878,3.2770559518513878
129822.0,0.06934715385806561,BRUGGEMAN,brine_avg,,2.830407291666667,2.756728144269908,-0.07367914739675907,2.6031288010628884,-2.6031288010628884
129845.0,0.07459951122802215,GSA,dry,0.08540130311845624,2.357925,2.3579247359530933,-2.6404690656178786e-07,1.1198274184369218e-05,-1.1198274184369218e-05
129845.0,0.07459951122802215,GSA,oil,0.08540130311845624,2.5337567978288718,2.45505842501466,-0.07869837281421166,3.105995527338962,-3.105995527338962
129845.0,0.07459951122802215,GSA,brine_avg,0.08540130311845624,2.714411458333333,2.6755750239522604,-0.03883643438107276,1.4307497215222704,-1.4307497215222704
129845.0,0.07459951122802215,SCA,dry,0.09786992411855877,2.357925,2.3579270373811902,2.037381190422849e-06,8.640568255660588e-05,8.640568255660588e-05
129845.0,0.07459951122802215,SCA,oil,0.09786992411855877,2.5337567978288718,2.454430214872558,-0.0793265829563139,3.1307891516773565,-3.1307891516773565
129845.0,0.07459951122802215,SCA,brine_avg,0.09786992411855877,2.714411458333333,2.674928414343358,-0.039483043989975375,1.4545710772315348,-1.4545710772315348
129845.0,0.07459951122802215,BRUGGEMAN,dry,,2.357925,2.650889553310626,0.2929645533106262,12.424676497794723,12.424676497794723
129845.0,0.07459951122802215,BRUGGEMAN,oil,,2.5337567978288718,2.6686700599124866,0.13491326208361487,5.324633453345621,5.324633453345621
129845.0,0.07459951122802215,BRUGGEMAN,brine_avg,,2.714411458333333,2.7399616803237157,0.025550221990382482,0.9412803616026028,0.9412803616026028
129897.0,0.2364854161234349,GSA,dry,0.05449563116943758,1.2605,1.2605031274445102,3.1274445102535964e-06,0.00024811142485153484,0.00024811142485153484
129897.0,0.2364854161234349,GSA,oil,0.05449563116943758,1.6629125,1.5041782061997886,-0.15873429380021142,9.545558999659418,-9.545558999659418
129897.0,0.2364854161234349,GSA,brine_avg,0.05449563116943758,2.2371125000000003,2.085146426773932,-0.15196607322606814,6.792956242748996,-6.792956242748996
129897.0,0.2364854161234349,SCA,dry,0.09717239253050693,1.2605,1.260505061716089,5.061716088938795e-06,0.0004015641482696386,0.0004015641482696386
129897.0,0.2364854161234349,SCA,oil,0.09717239253050693,1.6629125,1.4982793705833881,-0.1646331294166119,9.900288164086318,-9.900288164086318
129897.0,0.2364854161234349,SCA,brine_avg,0.09717239253050693,2.2371125000000003,2.0786084628363515,-0.1585040371636488,7.085206361488249,-7.085206361488249
129897.0,0.2364854161234349,BRUGGEMAN,dry,,1.2605,1.9384943377353583,0.6779943377353583,53.78773008610538,53.78773008610538
129897.0,0.2364854161234349,BRUGGEMAN,oil,,1.6629125,2.0008344544672183,0.3379219544672183,20.3210905244394,20.3210905244394
129897.0,0.2364854161234349,BRUGGEMAN,brine_avg,,2.2371125000000003,2.2356336853391245,-0.001478814660875738,0.06610372347728323,-0.06610372347728323
129913.0,0.10171065443731632,GSA,dry,0.10422621685837606,2.2462375000000003,2.246240299890796,2.799890795657234e-06,0.00012464803012402888,0.00012464803012402888
129913.0,0.10171065443731632,GSA,oil,0.10422621685837606,2.4261375077050964,2.3413650075458823,-0.08477250015921411,3.494134190250458,-3.494134190250458
129913.0,0.10171065443731632,GSA,brine_avg,0.10422621685837606,2.6518229166666667,2.584498534700782,-0.06732438196588486,2.5387962952862404,-2.5387962952862404
129913.0,0.10171065443731632,SCA,dry,0.12180971515103518,2.2462375000000003,2.246239475390706,1.9753907056774267e-06,8.794220137796767e-05,8.794220137796767e-05
129913.0,0.10171065443731632,SCA,oil,0.12180971515103518,2.4261375077050964,2.3406166392923877,-0.08552086841270867,3.5249802676520003,-3.5249802676520003
129913.0,0.10171065443731632,SCA,brine_avg,0.12180971515103518,2.6518229166666667,2.583605966649622,-0.06821695001704464,2.5724549549784093,-2.5724549549784093
129913.0,0.10171065443731632,BRUGGEMAN,dry,,2.2462375000000003,2.5313828015550537,0.28514530155505335,12.694352291556585,12.694352291556585
129913.0,0.10171065443731632,BRUGGEMAN,oil,,2.4261375077050964,2.5559703053174867,0.1298327976123903,5.351419579478009,5.351419579478009
129913.0,0.10171065443731632,BRUGGEMAN,brine_avg,,2.6518229166666667,2.6537719484968294,0.0019490318301627063,0.07349781231292146,0.07349781231292146
129914.0,0.05877849795017343,GSA,dry,0.09372630077322572,2.4985875,2.4985884131453333,9.131453331256978e-07,3.6546462076100905e-05,3.6546462076100905e-05
129914.0,0.05877849795017343,GSA,oil,0.09372630077322572,2.5786813976183107,2.5713656513785446,-0.007315746239766163,0.2837010514956613,-0.2837010514956613
129914.0,0.05877849795017343,GSA,brine_avg,0.09372630077322572,2.72160625,2.7404788126150863,0.01887256261508652,0.6934347176446454,0.6934347176446454
129914.0,0.05877849795017343,SCA,dry,0.10353259359661915,2.4985875,2.4985879257307055,4.257307053556758e-07,1.703885516739661e-05,1.703885516739661e-05
129914.0,0.05877849795017343,SCA,oil,0.10353259359661915,2.5786813976183107,2.5710106155669954,-0.007670782051315328,0.29746916615600977,-0.29746916615600977
129914.0,0.05877849795017343,SCA,brine_avg,0.10353259359661915,2.72160625,2.740104201229234,0.018497951229234033,0.67967036852719,0.67967036852719
129914.0,0.05877849795017343,BRUGGEMAN,dry,,2.4985875,2.720655859404284,0.22206835940428382,8.887755958287785,8.887755958287785
129914.0,0.05877849795017343,BRUGGEMAN,oil,,2.5786813976183107,2.7345560873263666,0.15587468970805585,6.044744025067341,6.044744025067341
129914.0,0.05877849795017343,BRUGGEMAN,brine_avg,,2.72160625,2.7905300100198405,0.06892376001984069,2.5324662603137646,2.5324662603137646
129937.0,0.127186314179544,GSA,dry,0.10951029043517686,2.1168875,2.116891206340847,3.706340847120515e-06,0.00017508445050199952,0.00017508445050199952
129937.0,0.127186314179544,GSA,oil,0.10951029043517686,2.3031752303961825,2.220522839792302,-0.08265239060388074,3.5886279738108864,-3.5886279738108864
129937.0,0.127186314179544,GSA,brine_avg,0.10951029043517686,2.6898395833333333,2.4974300622301344,-0.19240952110319887,7.153196878185537,-7.153196878185537
129937.0,0.127186314179544,SCA,dry,0.1319493824569777,2.1168875,2.1168917390706548,4.239070654943333e-06,0.00020025016232290727,0.00020025016232290727
129937.0,0.127186314179544,SCA,oil,0.1319493824569777,2.3031752303961825,2.2195450165450485,-0.083630213851134,3.6310834168161965,-3.6310834168161965
129937.0,0.127186314179544,SCA,brine_avg,0.1319493824569777,2.6898395833333333,2.496193510854985,-0.19364607247834842,7.199168072260137,-7.199168072260137
129937.0,0.127186314179544,BRUGGEMAN,dry,,2.1168875,2.4191446667073224,0.3022571667073226,14.278376470517335,14.278376470517335
129937.0,0.127186314179544,BRUGGEMAN,oil,,2.3031752303961825,2.450329112379243,0.14715388198306023,6.389174390250256,6.389174390250256
129937.0,0.127186314179544,BRUGGEMAN,brine_avg,,2.6898395833333333,2.5733517046299754,-0.11648787870335786,4.330662669444489,-4.330662669444489
